filename,label
Early_blight/Early_blight_00231.jpg,Early_blight
Early_blight/Early_blight_00731.jpg,Early_blight
Early_blight/Early_blight_00108.jpg,Early_blight
Early_blight/Early_blight_00257.jpg,Early_blight
Early_blight/Early_blight_00997.jpg,Early_blight
Early_blight/Early_blight_00501.jpg,Early_blight
Early_blight/Early_blight_00781.jpg,Early_blight
Early_blight/Early_blight_00793.jpg,Early_blight
Early_blight/Early_blight_00811.jpg,Early_blight
Early_blight/Early_blight_00942.jpg,Early_blight
Early_blight/Early_blight_00119.jpg,Early_blight
Early_blight/Early_blight_00956.jpg,Early_blight
Early_blight/Early_blight_00163.jpg,Early_blight
Early_blight/Early_blight_00113.jpg,Early_blight
Early_blight/Early_blight_00758.jpg,Early_blight
Early_blight/Early_blight_00832.jpg,Early_blight
Early_blight/Early_blight_01107.jpg,Early_blight
Early_blight/Early_blight_01155.jpg,Early_blight
Early_blight/Early_blight_00139.jpg,Early_blight
Early_blight/Early_blight_00856.jpg,Early_blight
Early_blight/Early_blight_00270.jpg,Early_blight
Early_blight/Early_blight_00255.jpg,Early_blight
Early_blight/Early_blight_00573.jpg,Early_blight
Early_blight/Early_blight_01106.jpg,Early_blight
Early_blight/Early_blight_00695.jpg,Early_blight
Early_blight/Early_blight_00886.jpg,Early_blight
Early_blight/Early_blight_00371.jpg,Early_blight
Early_blight/Early_blight_00164.jpg,Early_blight
Early_blight/Early_blight_00539.jpg,Early_blight
Early_blight/Early_blight_00471.jpg,Early_blight
Early_blight/Early_blight_00965.jpg,Early_blight
Early_blight/Early_blight_00649.jpg,Early_blight
Early_blight/Early_blight_00847.jpg,Early_blight
Early_blight/Early_blight_00706.jpg,Early_blight
Early_blight/Early_blight_00105.jpg,Early_blight
Early_blight/Early_blight_00670.jpg,Early_blight
Early_blight/Early_blight_00296.jpg,Early_blight
Early_blight/Early_blight_00665.jpg,Early_blight
Early_blight/Early_blight_00689.jpg,Early_blight
Early_blight/Early_blight_00068.jpg,Early_blight
Early_blight/Early_blight_00487.jpg,Early_blight
Early_blight/Early_blight_00373.jpg,Early_blight
Early_blight/Early_blight_00404.jpg,Early_blight
Early_blight/Early_blight_01095.jpg,Early_blight
Early_blight/Early_blight_00339.jpg,Early_blight
Early_blight/Early_blight_01011.jpg,Early_blight
Early_blight/Early_blight_00881.jpg,Early_blight
Early_blight/Early_blight_00402.jpg,Early_blight
Early_blight/Early_blight_00314.jpg,Early_blight
Early_blight/Early_blight_00336.jpg,Early_blight
Early_blight/Early_blight_00677.jpg,Early_blight
Early_blight/Early_blight_00342.jpg,Early_blight
Early_blight/Early_blight_00159.jpg,Early_blight
Early_blight/Early_blight_00634.jpg,Early_blight
Early_blight/Early_blight_00013.jpg,Early_blight
Early_blight/Early_blight_00696.jpg,Early_blight
Early_blight/Early_blight_01016.jpg,Early_blight
Early_blight/Early_blight_00940.jpg,Early_blight
Early_blight/Early_blight_00510.jpg,Early_blight
Early_blight/Early_blight_00784.jpg,Early_blight
Early_blight/Early_blight_00954.jpg,Early_blight
Early_blight/Early_blight_00644.jpg,Early_blight
Early_blight/Early_blight_00655.jpg,Early_blight
Early_blight/Early_blight_00443.jpg,Early_blight
Early_blight/Early_blight_00903.jpg,Early_blight
Early_blight/Early_blight_00177.jpg,Early_blight
Early_blight/Early_blight_00181.jpg,Early_blight
Early_blight/Early_blight_01077.jpg,Early_blight
Early_blight/Early_blight_00651.jpg,Early_blight
Early_blight/Early_blight_00892.jpg,Early_blight
Early_blight/Early_blight_00327.jpg,Early_blight
Early_blight/Early_blight_00632.jpg,Early_blight
Early_blight/Early_blight_00346.jpg,Early_blight
Early_blight/Early_blight_01026.jpg,Early_blight
Early_blight/Early_blight_00554.jpg,Early_blight
Early_blight/Early_blight_00420.jpg,Early_blight
Early_blight/Early_blight_00754.jpg,Early_blight
Early_blight/Early_blight_00083.jpg,Early_blight
Early_blight/Early_blight_00343.jpg,Early_blight
Early_blight/Early_blight_01103.jpg,Early_blight
Early_blight/Early_blight_00250.jpg,Early_blight
Early_blight/Early_blight_00422.jpg,Early_blight
Early_blight/Early_blight_00730.jpg,Early_blight
Early_blight/Early_blight_00949.jpg,Early_blight
Early_blight/Early_blight_00802.jpg,Early_blight
Early_blight/Early_blight_00195.jpg,Early_blight
Early_blight/Early_blight_00582.jpg,Early_blight
Early_blight/Early_blight_00728.jpg,Early_blight
Early_blight/Early_blight_00025.jpg,Early_blight
Early_blight/Early_blight_00588.jpg,Early_blight
Early_blight/Early_blight_00889.jpg,Early_blight
Early_blight/Early_blight_01151.jpg,Early_blight
Early_blight/Early_blight_00639.jpg,Early_blight
Early_blight/Early_blight_00272.jpg,Early_blight
Early_blight/Early_blight_00984.jpg,Early_blight
Early_blight/Early_blight_00551.jpg,Early_blight
Early_blight/Early_blight_00457.jpg,Early_blight
Early_blight/Early_blight_01097.jpg,Early_blight
Early_blight/Early_blight_00879.jpg,Early_blight
Early_blight/Early_blight_01012.jpg,Early_blight
Early_blight/Early_blight_00190.jpg,Early_blight
Early_blight/Early_blight_00690.jpg,Early_blight
Early_blight/Early_blight_00751.jpg,Early_blight
Early_blight/Early_blight_00086.jpg,Early_blight
Early_blight/Early_blight_00809.jpg,Early_blight
Early_blight/Early_blight_00515.jpg,Early_blight
Early_blight/Early_blight_00563.jpg,Early_blight
Early_blight/Early_blight_01015.jpg,Early_blight
Early_blight/Early_blight_00734.jpg,Early_blight
Early_blight/Early_blight_00594.jpg,Early_blight
Early_blight/Early_blight_00571.jpg,Early_blight
Early_blight/Early_blight_00298.jpg,Early_blight
Early_blight/Early_blight_00490.jpg,Early_blight
Early_blight/Early_blight_00759.jpg,Early_blight
Early_blight/Early_blight_00418.jpg,Early_blight
Early_blight/Early_blight_00702.jpg,Early_blight
Early_blight/Early_blight_00215.jpg,Early_blight
Early_blight/Early_blight_00601.jpg,Early_blight
Early_blight/Early_blight_00971.jpg,Early_blight
Early_blight/Early_blight_00290.jpg,Early_blight
Early_blight/Early_blight_00606.jpg,Early_blight
Early_blight/Early_blight_00895.jpg,Early_blight
Early_blight/Early_blight_00592.jpg,Early_blight
Early_blight/Early_blight_00222.jpg,Early_blight
Early_blight/Early_blight_00854.jpg,Early_blight
Early_blight/Early_blight_00841.jpg,Early_blight
Early_blight/Early_blight_00441.jpg,Early_blight
Early_blight/Early_blight_00667.jpg,Early_blight
Early_blight/Early_blight_00862.jpg,Early_blight
Early_blight/Early_blight_00065.jpg,Early_blight
Early_blight/Early_blight_00729.jpg,Early_blight
Early_blight/Early_blight_00788.jpg,Early_blight
Early_blight/Early_blight_00957.jpg,Early_blight
Early_blight/Early_blight_00070.jpg,Early_blight
Early_blight/Early_blight_00451.jpg,Early_blight
Early_blight/Early_blight_01164.jpg,Early_blight
Early_blight/Early_blight_00803.jpg,Early_blight
Early_blight/Early_blight_00647.jpg,Early_blight
Early_blight/Early_blight_00088.jpg,Early_blight
Early_blight/Early_blight_00016.jpg,Early_blight
Early_blight/Early_blight_00698.jpg,Early_blight
Early_blight/Early_blight_00967.jpg,Early_blight
Early_blight/Early_blight_01191.jpg,Early_blight
Early_blight/Early_blight_00544.jpg,Early_blight
Early_blight/Early_blight_00871.jpg,Early_blight
Early_blight/Early_blight_01132.jpg,Early_blight
Early_blight/Early_blight_00479.jpg,Early_blight
Early_blight/Early_blight_00873.jpg,Early_blight
Early_blight/Early_blight_00032.jpg,Early_blight
Early_blight/Early_blight_00572.jpg,Early_blight
Early_blight/Early_blight_00102.jpg,Early_blight
Early_blight/Early_blight_00526.jpg,Early_blight
Early_blight/Early_blight_00462.jpg,Early_blight
Early_blight/Early_blight_01043.jpg,Early_blight
Early_blight/Early_blight_01044.jpg,Early_blight
Early_blight/Early_blight_00774.jpg,Early_blight
Early_blight/Early_blight_00128.jpg,Early_blight
Early_blight/Early_blight_00334.jpg,Early_blight
Early_blight/Early_blight_00922.jpg,Early_blight
Early_blight/Early_blight_00958.jpg,Early_blight
Early_blight/Early_blight_00560.jpg,Early_blight
Early_blight/Early_blight_00403.jpg,Early_blight
Early_blight/Early_blight_01002.jpg,Early_blight
Early_blight/Early_blight_00920.jpg,Early_blight
Early_blight/Early_blight_00067.jpg,Early_blight
Early_blight/Early_blight_00304.jpg,Early_blight
Early_blight/Early_blight_00127.jpg,Early_blight
Early_blight/Early_blight_01198.jpg,Early_blight
Early_blight/Early_blight_01126.jpg,Early_blight
Early_blight/Early_blight_00870.jpg,Early_blight
Early_blight/Early_blight_00658.jpg,Early_blight
Early_blight/Early_blight_00283.jpg,Early_blight
Early_blight/Early_blight_00297.jpg,Early_blight
Early_blight/Early_blight_00716.jpg,Early_blight
Early_blight/Early_blight_01029.jpg,Early_blight
Early_blight/Early_blight_00577.jpg,Early_blight
Early_blight/Early_blight_00676.jpg,Early_blight
Early_blight/Early_blight_00570.jpg,Early_blight
Early_blight/Early_blight_00235.jpg,Early_blight
Early_blight/Early_blight_00822.jpg,Early_blight
Early_blight/Early_blight_00147.jpg,Early_blight
Early_blight/Early_blight_00383.jpg,Early_blight
Early_blight/Early_blight_00424.jpg,Early_blight
Early_blight/Early_blight_00876.jpg,Early_blight
Early_blight/Early_blight_01150.jpg,Early_blight
Early_blight/Early_blight_00807.jpg,Early_blight
Early_blight/Early_blight_00504.jpg,Early_blight
Early_blight/Early_blight_00831.jpg,Early_blight
Early_blight/Early_blight_00806.jpg,Early_blight
Early_blight/Early_blight_00100.jpg,Early_blight
Early_blight/Early_blight_00987.jpg,Early_blight
Early_blight/Early_blight_00372.jpg,Early_blight
Early_blight/Early_blight_00345.jpg,Early_blight
Early_blight/Early_blight_00125.jpg,Early_blight
Early_blight/Early_blight_00144.jpg,Early_blight
Early_blight/Early_blight_01161.jpg,Early_blight
Early_blight/Early_blight_01065.jpg,Early_blight
Early_blight/Early_blight_01175.jpg,Early_blight
Early_blight/Early_blight_00096.jpg,Early_blight
Early_blight/Early_blight_00936.jpg,Early_blight
Early_blight/Early_blight_00246.jpg,Early_blight
Early_blight/Early_blight_00140.jpg,Early_blight
Early_blight/Early_blight_00721.jpg,Early_blight
Early_blight/Early_blight_00810.jpg,Early_blight
Early_blight/Early_blight_00704.jpg,Early_blight
Early_blight/Early_blight_00054.jpg,Early_blight
Early_blight/Early_blight_01117.jpg,Early_blight
Early_blight/Early_blight_00027.jpg,Early_blight
Early_blight/Early_blight_00952.jpg,Early_blight
Early_blight/Early_blight_01136.jpg,Early_blight
Early_blight/Early_blight_00310.jpg,Early_blight
Early_blight/Early_blight_00930.jpg,Early_blight
Early_blight/Early_blight_00207.jpg,Early_blight
Early_blight/Early_blight_00549.jpg,Early_blight
Early_blight/Early_blight_00916.jpg,Early_blight
Early_blight/Early_blight_00089.jpg,Early_blight
Early_blight/Early_blight_00245.jpg,Early_blight
Early_blight/Early_blight_00947.jpg,Early_blight
Early_blight/Early_blight_00790.jpg,Early_blight
Early_blight/Early_blight_01174.jpg,Early_blight
Early_blight/Early_blight_00367.jpg,Early_blight
Early_blight/Early_blight_00636.jpg,Early_blight
Early_blight/Early_blight_00756.jpg,Early_blight
Early_blight/Early_blight_00888.jpg,Early_blight
Early_blight/Early_blight_00221.jpg,Early_blight
Early_blight/Early_blight_00411.jpg,Early_blight
Early_blight/Early_blight_00843.jpg,Early_blight
Early_blight/Early_blight_00056.jpg,Early_blight
Early_blight/Early_blight_01076.jpg,Early_blight
Early_blight/Early_blight_00425.jpg,Early_blight
Early_blight/Early_blight_00280.jpg,Early_blight
Early_blight/Early_blight_00130.jpg,Early_blight
Early_blight/Early_blight_00059.jpg,Early_blight
Early_blight/Early_blight_00048.jpg,Early_blight
Early_blight/Early_blight_00488.jpg,Early_blight
Early_blight/Early_blight_00021.jpg,Early_blight
Early_blight/Early_blight_00707.jpg,Early_blight
Early_blight/Early_blight_01004.jpg,Early_blight
Early_blight/Early_blight_00012.jpg,Early_blight
Early_blight/Early_blight_00101.jpg,Early_blight
Early_blight/Early_blight_00216.jpg,Early_blight
Early_blight/Early_blight_01178.jpg,Early_blight
Early_blight/Early_blight_00005.jpg,Early_blight
Early_blight/Early_blight_01022.jpg,Early_blight
Early_blight/Early_blight_00523.jpg,Early_blight
Early_blight/Early_blight_00961.jpg,Early_blight
Early_blight/Early_blight_00301.jpg,Early_blight
Early_blight/Early_blight_00124.jpg,Early_blight
Early_blight/Early_blight_00607.jpg,Early_blight
Early_blight/Early_blight_00312.jpg,Early_blight
Early_blight/Early_blight_01042.jpg,Early_blight
Early_blight/Early_blight_00468.jpg,Early_blight
Early_blight/Early_blight_00805.jpg,Early_blight
Early_blight/Early_blight_01090.jpg,Early_blight
Early_blight/Early_blight_00656.jpg,Early_blight
Early_blight/Early_blight_00660.jpg,Early_blight
Early_blight/Early_blight_00440.jpg,Early_blight
Early_blight/Early_blight_00688.jpg,Early_blight
Early_blight/Early_blight_00362.jpg,Early_blight
Early_blight/Early_blight_00269.jpg,Early_blight
Early_blight/Early_blight_00226.jpg,Early_blight
Early_blight/Early_blight_00500.jpg,Early_blight
Early_blight/Early_blight_00697.jpg,Early_blight
Early_blight/Early_blight_01140.jpg,Early_blight
Early_blight/Early_blight_00931.jpg,Early_blight
Early_blight/Early_blight_00927.jpg,Early_blight
Early_blight/Early_blight_00837.jpg,Early_blight
Early_blight/Early_blight_00844.jpg,Early_blight
Early_blight/Early_blight_00992.jpg,Early_blight
Early_blight/Early_blight_00747.jpg,Early_blight
Early_blight/Early_blight_00171.jpg,Early_blight
Early_blight/Early_blight_00413.jpg,Early_blight
Early_blight/Early_blight_01200.jpg,Early_blight
Early_blight/Early_blight_00142.jpg,Early_blight
Early_blight/Early_blight_00209.jpg,Early_blight
Early_blight/Early_blight_00328.jpg,Early_blight
Early_blight/Early_blight_00057.jpg,Early_blight
Early_blight/Early_blight_00519.jpg,Early_blight
Early_blight/Early_blight_00587.jpg,Early_blight
Early_blight/Early_blight_00905.jpg,Early_blight
Early_blight/Early_blight_00999.jpg,Early_blight
Early_blight/Early_blight_01000.jpg,Early_blight
Early_blight/Early_blight_00786.jpg,Early_blight
Early_blight/Early_blight_00210.jpg,Early_blight
Early_blight/Early_blight_00461.jpg,Early_blight
Early_blight/Early_blight_00661.jpg,Early_blight
Early_blight/Early_blight_00475.jpg,Early_blight
Early_blight/Early_blight_00568.jpg,Early_blight
Early_blight/Early_blight_00638.jpg,Early_blight
Early_blight/Early_blight_00281.jpg,Early_blight
Early_blight/Early_blight_00762.jpg,Early_blight
Early_blight/Early_blight_00945.jpg,Early_blight
Early_blight/Early_blight_00874.jpg,Early_blight
Early_blight/Early_blight_00627.jpg,Early_blight
Early_blight/Early_blight_00393.jpg,Early_blight
Early_blight/Early_blight_00547.jpg,Early_blight
Early_blight/Early_blight_00951.jpg,Early_blight
Early_blight/Early_blight_01064.jpg,Early_blight
Early_blight/Early_blight_00442.jpg,Early_blight
Early_blight/Early_blight_00812.jpg,Early_blight
Early_blight/Early_blight_00266.jpg,Early_blight
Early_blight/Early_blight_00208.jpg,Early_blight
Early_blight/Early_blight_00722.jpg,Early_blight
Early_blight/Early_blight_00132.jpg,Early_blight
Early_blight/Early_blight_00621.jpg,Early_blight
Early_blight/Early_blight_00156.jpg,Early_blight
Early_blight/Early_blight_00219.jpg,Early_blight
Early_blight/Early_blight_00168.jpg,Early_blight
Early_blight/Early_blight_01193.jpg,Early_blight
Early_blight/Early_blight_00315.jpg,Early_blight
Early_blight/Early_blight_00880.jpg,Early_blight
Early_blight/Early_blight_00894.jpg,Early_blight
Early_blight/Early_blight_00585.jpg,Early_blight
Early_blight/Early_blight_00815.jpg,Early_blight
Early_blight/Early_blight_00317.jpg,Early_blight
Early_blight/Early_blight_01089.jpg,Early_blight
Early_blight/Early_blight_00962.jpg,Early_blight
Early_blight/Early_blight_00531.jpg,Early_blight
Early_blight/Early_blight_00491.jpg,Early_blight
Early_blight/Early_blight_00099.jpg,Early_blight
Early_blight/Early_blight_00514.jpg,Early_blight
Early_blight/Early_blight_00902.jpg,Early_blight
Early_blight/Early_blight_00598.jpg,Early_blight
Early_blight/Early_blight_00645.jpg,Early_blight
Early_blight/Early_blight_00901.jpg,Early_blight
Early_blight/Early_blight_00521.jpg,Early_blight
Early_blight/Early_blight_00612.jpg,Early_blight
Early_blight/Early_blight_01177.jpg,Early_blight
Early_blight/Early_blight_00030.jpg,Early_blight
Early_blight/Early_blight_00559.jpg,Early_blight
Early_blight/Early_blight_00819.jpg,Early_blight
Early_blight/Early_blight_00613.jpg,Early_blight
Early_blight/Early_blight_00174.jpg,Early_blight
Early_blight/Early_blight_00436.jpg,Early_blight
Early_blight/Early_blight_00481.jpg,Early_blight
Early_blight/Early_blight_00469.jpg,Early_blight
Early_blight/Early_blight_00166.jpg,Early_blight
Early_blight/Early_blight_00724.jpg,Early_blight
Early_blight/Early_blight_00170.jpg,Early_blight
Early_blight/Early_blight_00561.jpg,Early_blight
Early_blight/Early_blight_00624.jpg,Early_blight
Early_blight/Early_blight_00566.jpg,Early_blight
Early_blight/Early_blight_00599.jpg,Early_blight
Early_blight/Early_blight_01111.jpg,Early_blight
Early_blight/Early_blight_01038.jpg,Early_blight
Early_blight/Early_blight_00186.jpg,Early_blight
Early_blight/Early_blight_00853.jpg,Early_blight
Early_blight/Early_blight_00968.jpg,Early_blight
Early_blight/Early_blight_00857.jpg,Early_blight
Early_blight/Early_blight_01057.jpg,Early_blight
Early_blight/Early_blight_00703.jpg,Early_blight
Early_blight/Early_blight_00609.jpg,Early_blight
Early_blight/Early_blight_00541.jpg,Early_blight
Early_blight/Early_blight_00963.jpg,Early_blight
Early_blight/Early_blight_00883.jpg,Early_blight
Early_blight/Early_blight_00757.jpg,Early_blight
Early_blight/Early_blight_00364.jpg,Early_blight
Early_blight/Early_blight_01160.jpg,Early_blight
Early_blight/Early_blight_00872.jpg,Early_blight
Early_blight/Early_blight_00959.jpg,Early_blight
Early_blight/Early_blight_00242.jpg,Early_blight
Early_blight/Early_blight_00153.jpg,Early_blight
Early_blight/Early_blight_00020.jpg,Early_blight
Early_blight/Early_blight_00376.jpg,Early_blight
Early_blight/Early_blight_00421.jpg,Early_blight
Early_blight/Early_blight_00169.jpg,Early_blight
Early_blight/Early_blight_00684.jpg,Early_blight
Early_blight/Early_blight_00827.jpg,Early_blight
Early_blight/Early_blight_00980.jpg,Early_blight
Early_blight/Early_blight_00237.jpg,Early_blight
Early_blight/Early_blight_00600.jpg,Early_blight
Early_blight/Early_blight_01172.jpg,Early_blight
Early_blight/Early_blight_00746.jpg,Early_blight
Early_blight/Early_blight_00611.jpg,Early_blight
Early_blight/Early_blight_00435.jpg,Early_blight
Early_blight/Early_blight_01176.jpg,Early_blight
Early_blight/Early_blight_00692.jpg,Early_blight
Early_blight/Early_blight_01073.jpg,Early_blight
Early_blight/Early_blight_00829.jpg,Early_blight
Early_blight/Early_blight_00066.jpg,Early_blight
Early_blight/Early_blight_01167.jpg,Early_blight
Early_blight/Early_blight_00494.jpg,Early_blight
Early_blight/Early_blight_00452.jpg,Early_blight
Early_blight/Early_blight_00708.jpg,Early_blight
Early_blight/Early_blight_01119.jpg,Early_blight
Early_blight/Early_blight_00397.jpg,Early_blight
Early_blight/Early_blight_00430.jpg,Early_blight
Early_blight/Early_blight_00823.jpg,Early_blight
Early_blight/Early_blight_00713.jpg,Early_blight
Early_blight/Early_blight_01143.jpg,Early_blight
Early_blight/Early_blight_00792.jpg,Early_blight
Early_blight/Early_blight_00798.jpg,Early_blight
Early_blight/Early_blight_00157.jpg,Early_blight
Early_blight/Early_blight_00368.jpg,Early_blight
Early_blight/Early_blight_00165.jpg,Early_blight
Early_blight/Early_blight_00978.jpg,Early_blight
Early_blight/Early_blight_00808.jpg,Early_blight
Early_blight/Early_blight_00064.jpg,Early_blight
Early_blight/Early_blight_00449.jpg,Early_blight
Early_blight/Early_blight_00884.jpg,Early_blight
Early_blight/Early_blight_00720.jpg,Early_blight
Early_blight/Early_blight_00948.jpg,Early_blight
Early_blight/Early_blight_01187.jpg,Early_blight
Early_blight/Early_blight_00347.jpg,Early_blight
Early_blight/Early_blight_00332.jpg,Early_blight
Early_blight/Early_blight_00896.jpg,Early_blight
Early_blight/Early_blight_00205.jpg,Early_blight
Early_blight/Early_blight_00848.jpg,Early_blight
Early_blight/Early_blight_00077.jpg,Early_blight
Early_blight/Early_blight_00701.jpg,Early_blight
Early_blight/Early_blight_00309.jpg,Early_blight
Early_blight/Early_blight_00589.jpg,Early_blight
Early_blight/Early_blight_00923.jpg,Early_blight
Early_blight/Early_blight_00766.jpg,Early_blight
Early_blight/Early_blight_01192.jpg,Early_blight
Early_blight/Early_blight_01023.jpg,Early_blight
Early_blight/Early_blight_00593.jpg,Early_blight
Early_blight/Early_blight_00899.jpg,Early_blight
Early_blight/Early_blight_00131.jpg,Early_blight
Early_blight/Early_blight_00042.jpg,Early_blight
Early_blight/Early_blight_00009.jpg,Early_blight
Early_blight/Early_blight_00329.jpg,Early_blight
Early_blight/Early_blight_00161.jpg,Early_blight
Early_blight/Early_blight_01141.jpg,Early_blight
Early_blight/Early_blight_01189.jpg,Early_blight
Early_blight/Early_blight_00520.jpg,Early_blight
Early_blight/Early_blight_00972.jpg,Early_blight
Early_blight/Early_blight_00908.jpg,Early_blight
Early_blight/Early_blight_00433.jpg,Early_blight
Early_blight/Early_blight_00008.jpg,Early_blight
Early_blight/Early_blight_00465.jpg,Early_blight
Early_blight/Early_blight_00525.jpg,Early_blight
Early_blight/Early_blight_00366.jpg,Early_blight
Early_blight/Early_blight_00377.jpg,Early_blight
Early_blight/Early_blight_00399.jpg,Early_blight
Early_blight/Early_blight_00986.jpg,Early_blight
Early_blight/Early_blight_00081.jpg,Early_blight
Early_blight/Early_blight_00913.jpg,Early_blight
Early_blight/Early_blight_01060.jpg,Early_blight
Early_blight/Early_blight_00085.jpg,Early_blight
Early_blight/Early_blight_01080.jpg,Early_blight
Early_blight/Early_blight_00970.jpg,Early_blight
Early_blight/Early_blight_00794.jpg,Early_blight
Early_blight/Early_blight_00409.jpg,Early_blight
Early_blight/Early_blight_00517.jpg,Early_blight
Early_blight/Early_blight_00040.jpg,Early_blight
Early_blight/Early_blight_01052.jpg,Early_blight
Early_blight/Early_blight_00839.jpg,Early_blight
Early_blight/Early_blight_00295.jpg,Early_blight
Early_blight/Early_blight_00123.jpg,Early_blight
Early_blight/Early_blight_00244.jpg,Early_blight
Early_blight/Early_blight_00511.jpg,Early_blight
Early_blight/Early_blight_01054.jpg,Early_blight
Early_blight/Early_blight_00771.jpg,Early_blight
Early_blight/Early_blight_00001.jpg,Early_blight
Early_blight/Early_blight_00137.jpg,Early_blight
Early_blight/Early_blight_00439.jpg,Early_blight
Early_blight/Early_blight_00423.jpg,Early_blight
Early_blight/Early_blight_00335.jpg,Early_blight
Early_blight/Early_blight_00579.jpg,Early_blight
Early_blight/Early_blight_00340.jpg,Early_blight
Early_blight/Early_blight_01148.jpg,Early_blight
Early_blight/Early_blight_00189.jpg,Early_blight
Early_blight/Early_blight_00060.jpg,Early_blight
Early_blight/Early_blight_00082.jpg,Early_blight
Early_blight/Early_blight_01100.jpg,Early_blight
Early_blight/Early_blight_00179.jpg,Early_blight
Early_blight/Early_blight_00524.jpg,Early_blight
Early_blight/Early_blight_00681.jpg,Early_blight
Early_blight/Early_blight_01162.jpg,Early_blight
Early_blight/Early_blight_01109.jpg,Early_blight
Early_blight/Early_blight_00685.jpg,Early_blight
Early_blight/Early_blight_00141.jpg,Early_blight
Early_blight/Early_blight_00292.jpg,Early_blight
Early_blight/Early_blight_01020.jpg,Early_blight
Early_blight/Early_blight_00331.jpg,Early_blight
Early_blight/Early_blight_00094.jpg,Early_blight
Early_blight/Early_blight_00657.jpg,Early_blight
Early_blight/Early_blight_00273.jpg,Early_blight
Early_blight/Early_blight_01005.jpg,Early_blight
Early_blight/Early_blight_01055.jpg,Early_blight
Early_blight/Early_blight_00183.jpg,Early_blight
Early_blight/Early_blight_00989.jpg,Early_blight
Early_blight/Early_blight_00203.jpg,Early_blight
Early_blight/Early_blight_00977.jpg,Early_blight
Early_blight/Early_blight_00865.jpg,Early_blight
Early_blight/Early_blight_01137.jpg,Early_blight
Early_blight/Early_blight_00625.jpg,Early_blight
Early_blight/Early_blight_00268.jpg,Early_blight
Early_blight/Early_blight_00875.jpg,Early_blight
Early_blight/Early_blight_00850.jpg,Early_blight
Early_blight/Early_blight_00929.jpg,Early_blight
Early_blight/Early_blight_00484.jpg,Early_blight
Early_blight/Early_blight_00476.jpg,Early_blight
Early_blight/Early_blight_00960.jpg,Early_blight
Early_blight/Early_blight_00926.jpg,Early_blight
Early_blight/Early_blight_00249.jpg,Early_blight
Early_blight/Early_blight_00388.jpg,Early_blight
Early_blight/Early_blight_00037.jpg,Early_blight
Early_blight/Early_blight_01078.jpg,Early_blight
Early_blight/Early_blight_01131.jpg,Early_blight
Early_blight/Early_blight_00318.jpg,Early_blight
Early_blight/Early_blight_00258.jpg,Early_blight
Early_blight/Early_blight_00933.jpg,Early_blight
Early_blight/Early_blight_00284.jpg,Early_blight
Early_blight/Early_blight_00224.jpg,Early_blight
Early_blight/Early_blight_00633.jpg,Early_blight
Early_blight/Early_blight_00261.jpg,Early_blight
Early_blight/Early_blight_00014.jpg,Early_blight
Early_blight/Early_blight_00800.jpg,Early_blight
Early_blight/Early_blight_00727.jpg,Early_blight
Early_blight/Early_blight_01066.jpg,Early_blight
Early_blight/Early_blight_01017.jpg,Early_blight
Early_blight/Early_blight_01049.jpg,Early_blight
Early_blight/Early_blight_00045.jpg,Early_blight
Early_blight/Early_blight_00741.jpg,Early_blight
Early_blight/Early_blight_00148.jpg,Early_blight
Early_blight/Early_blight_00752.jpg,Early_blight
Early_blight/Early_blight_00780.jpg,Early_blight
Early_blight/Early_blight_00198.jpg,Early_blight
Early_blight/Early_blight_00553.jpg,Early_blight
Early_blight/Early_blight_00826.jpg,Early_blight
Early_blight/Early_blight_00574.jpg,Early_blight
Early_blight/Early_blight_00614.jpg,Early_blight
Early_blight/Early_blight_01079.jpg,Early_blight
Early_blight/Early_blight_01185.jpg,Early_blight
Early_blight/Early_blight_00983.jpg,Early_blight
Early_blight/Early_blight_00355.jpg,Early_blight
Early_blight/Early_blight_01183.jpg,Early_blight
Early_blight/Early_blight_01093.jpg,Early_blight
Early_blight/Early_blight_00445.jpg,Early_blight
Early_blight/Early_blight_01115.jpg,Early_blight
Early_blight/Early_blight_00840.jpg,Early_blight
Early_blight/Early_blight_00623.jpg,Early_blight
Early_blight/Early_blight_00900.jpg,Early_blight
Early_blight/Early_blight_00934.jpg,Early_blight
Early_blight/Early_blight_00308.jpg,Early_blight
Early_blight/Early_blight_00047.jpg,Early_blight
Early_blight/Early_blight_00400.jpg,Early_blight
Early_blight/Early_blight_00386.jpg,Early_blight
Early_blight/Early_blight_00860.jpg,Early_blight
Early_blight/Early_blight_00015.jpg,Early_blight
Early_blight/Early_blight_01030.jpg,Early_blight
Early_blight/Early_blight_01069.jpg,Early_blight
Early_blight/Early_blight_01171.jpg,Early_blight
Early_blight/Early_blight_00004.jpg,Early_blight
Early_blight/Early_blight_00493.jpg,Early_blight
Early_blight/Early_blight_00254.jpg,Early_blight
Early_blight/Early_blight_01197.jpg,Early_blight
Early_blight/Early_blight_00669.jpg,Early_blight
Early_blight/Early_blight_00379.jpg,Early_blight
Early_blight/Early_blight_00910.jpg,Early_blight
Early_blight/Early_blight_00478.jpg,Early_blight
Early_blight/Early_blight_00361.jpg,Early_blight
Early_blight/Early_blight_00779.jpg,Early_blight
Early_blight/Early_blight_01081.jpg,Early_blight
Early_blight/Early_blight_01139.jpg,Early_blight
Early_blight/Early_blight_01101.jpg,Early_blight
Early_blight/Early_blight_00426.jpg,Early_blight
Early_blight/Early_blight_00820.jpg,Early_blight
Early_blight/Early_blight_00324.jpg,Early_blight
Early_blight/Early_blight_00869.jpg,Early_blight
Early_blight/Early_blight_00924.jpg,Early_blight
Early_blight/Early_blight_00763.jpg,Early_blight
Early_blight/Early_blight_00330.jpg,Early_blight
Early_blight/Early_blight_00849.jpg,Early_blight
Early_blight/Early_blight_00392.jpg,Early_blight
Early_blight/Early_blight_01133.jpg,Early_blight
Early_blight/Early_blight_01068.jpg,Early_blight
Early_blight/Early_blight_00993.jpg,Early_blight
Early_blight/Early_blight_00176.jpg,Early_blight
Early_blight/Early_blight_00282.jpg,Early_blight
Early_blight/Early_blight_00994.jpg,Early_blight
Early_blight/Early_blight_00489.jpg,Early_blight
Early_blight/Early_blight_00022.jpg,Early_blight
Early_blight/Early_blight_00824.jpg,Early_blight
Early_blight/Early_blight_01053.jpg,Early_blight
Early_blight/Early_blight_00351.jpg,Early_blight
Early_blight/Early_blight_00498.jpg,Early_blight
Early_blight/Early_blight_00495.jpg,Early_blight
Early_blight/Early_blight_00182.jpg,Early_blight
Early_blight/Early_blight_01036.jpg,Early_blight
Early_blight/Early_blight_01050.jpg,Early_blight
Early_blight/Early_blight_00772.jpg,Early_blight
Early_blight/Early_blight_00002.jpg,Early_blight
Early_blight/Early_blight_00516.jpg,Early_blight
Early_blight/Early_blight_00755.jpg,Early_blight
Early_blight/Early_blight_00248.jpg,Early_blight
Early_blight/Early_blight_00474.jpg,Early_blight
Early_blight/Early_blight_00287.jpg,Early_blight
Early_blight/Early_blight_00944.jpg,Early_blight
Early_blight/Early_blight_01025.jpg,Early_blight
Early_blight/Early_blight_00502.jpg,Early_blight
Early_blight/Early_blight_00247.jpg,Early_blight
Early_blight/Early_blight_00861.jpg,Early_blight
Early_blight/Early_blight_00678.jpg,Early_blight
Early_blight/Early_blight_01129.jpg,Early_blight
Early_blight/Early_blight_00538.jpg,Early_blight
Early_blight/Early_blight_01125.jpg,Early_blight
Early_blight/Early_blight_01072.jpg,Early_blight
Early_blight/Early_blight_00274.jpg,Early_blight
Early_blight/Early_blight_00213.jpg,Early_blight
Early_blight/Early_blight_00833.jpg,Early_blight
Early_blight/Early_blight_01014.jpg,Early_blight
Early_blight/Early_blight_00352.jpg,Early_blight
Early_blight/Early_blight_00353.jpg,Early_blight
Early_blight/Early_blight_01120.jpg,Early_blight
Early_blight/Early_blight_00898.jpg,Early_blight
Early_blight/Early_blight_00680.jpg,Early_blight
Early_blight/Early_blight_00764.jpg,Early_blight
Early_blight/Early_blight_01099.jpg,Early_blight
Early_blight/Early_blight_00033.jpg,Early_blight
Early_blight/Early_blight_01062.jpg,Early_blight
Early_blight/Early_blight_00133.jpg,Early_blight
Early_blight/Early_blight_00887.jpg,Early_blight
Early_blight/Early_blight_00391.jpg,Early_blight
Early_blight/Early_blight_00050.jpg,Early_blight
Early_blight/Early_blight_00912.jpg,Early_blight
Early_blight/Early_blight_00529.jpg,Early_blight
Early_blight/Early_blight_00117.jpg,Early_blight
Early_blight/Early_blight_00864.jpg,Early_blight
Early_blight/Early_blight_00188.jpg,Early_blight
Early_blight/Early_blight_00507.jpg,Early_blight
Early_blight/Early_blight_00051.jpg,Early_blight
Early_blight/Early_blight_00325.jpg,Early_blight
Early_blight/Early_blight_00725.jpg,Early_blight
Early_blight/Early_blight_00996.jpg,Early_blight
Early_blight/Early_blight_00104.jpg,Early_blight
Early_blight/Early_blight_00797.jpg,Early_blight
Early_blight/Early_blight_00053.jpg,Early_blight
Early_blight/Early_blight_00799.jpg,Early_blight
Early_blight/Early_blight_00010.jpg,Early_blight
Early_blight/Early_blight_00455.jpg,Early_blight
Early_blight/Early_blight_01145.jpg,Early_blight
Early_blight/Early_blight_00395.jpg,Early_blight
Early_blight/Early_blight_01124.jpg,Early_blight
Early_blight/Early_blight_00350.jpg,Early_blight
Early_blight/Early_blight_00259.jpg,Early_blight
Early_blight/Early_blight_00062.jpg,Early_blight
Early_blight/Early_blight_01142.jpg,Early_blight
Early_blight/Early_blight_00990.jpg,Early_blight
Early_blight/Early_blight_00143.jpg,Early_blight
Early_blight/Early_blight_00029.jpg,Early_blight
Early_blight/Early_blight_00950.jpg,Early_blight
Early_blight/Early_blight_00080.jpg,Early_blight
Early_blight/Early_blight_00637.jpg,Early_blight
Early_blight/Early_blight_00192.jpg,Early_blight
Early_blight/Early_blight_00891.jpg,Early_blight
Early_blight/Early_blight_01034.jpg,Early_blight
Early_blight/Early_blight_00437.jpg,Early_blight
Early_blight/Early_blight_00973.jpg,Early_blight
Early_blight/Early_blight_00825.jpg,Early_blight
Early_blight/Early_blight_00777.jpg,Early_blight
Early_blight/Early_blight_00011.jpg,Early_blight
Early_blight/Early_blight_00187.jpg,Early_blight
Early_blight/Early_blight_00955.jpg,Early_blight
Early_blight/Early_blight_00596.jpg,Early_blight
Early_blight/Early_blight_00508.jpg,Early_blight
Early_blight/Early_blight_00694.jpg,Early_blight
Early_blight/Early_blight_00079.jpg,Early_blight
Early_blight/Early_blight_01135.jpg,Early_blight
Early_blight/Early_blight_00532.jpg,Early_blight
Early_blight/Early_blight_01138.jpg,Early_blight
Early_blight/Early_blight_00146.jpg,Early_blight
Early_blight/Early_blight_00605.jpg,Early_blight
Early_blight/Early_blight_00036.jpg,Early_blight
Early_blight/Early_blight_00664.jpg,Early_blight
Early_blight/Early_blight_00414.jpg,Early_blight
Early_blight/Early_blight_00389.jpg,Early_blight
Early_blight/Early_blight_00828.jpg,Early_blight
Early_blight/Early_blight_00228.jpg,Early_blight
Early_blight/Early_blight_00937.jpg,Early_blight
Early_blight/Early_blight_00718.jpg,Early_blight
Early_blight/Early_blight_00778.jpg,Early_blight
Early_blight/Early_blight_00239.jpg,Early_blight
Early_blight/Early_blight_00264.jpg,Early_blight
Early_blight/Early_blight_00705.jpg,Early_blight
Early_blight/Early_blight_00120.jpg,Early_blight
Early_blight/Early_blight_01092.jpg,Early_blight
Early_blight/Early_blight_00024.jpg,Early_blight
Early_blight/Early_blight_00503.jpg,Early_blight
Early_blight/Early_blight_00412.jpg,Early_blight
Early_blight/Early_blight_01112.jpg,Early_blight
Early_blight/Early_blight_00307.jpg,Early_blight
Early_blight/Early_blight_00842.jpg,Early_blight
Early_blight/Early_blight_00748.jpg,Early_blight
Early_blight/Early_blight_00225.jpg,Early_blight
Early_blight/Early_blight_00003.jpg,Early_blight
Early_blight/Early_blight_00167.jpg,Early_blight
Early_blight/Early_blight_01118.jpg,Early_blight
Early_blight/Early_blight_00974.jpg,Early_blight
Early_blight/Early_blight_00158.jpg,Early_blight
Early_blight/Early_blight_00419.jpg,Early_blight
Early_blight/Early_blight_00463.jpg,Early_blight
Early_blight/Early_blight_00406.jpg,Early_blight
Early_blight/Early_blight_00534.jpg,Early_blight
Early_blight/Early_blight_00444.jpg,Early_blight
Early_blight/Early_blight_00039.jpg,Early_blight
Early_blight/Early_blight_00938.jpg,Early_blight
Early_blight/Early_blight_00640.jpg,Early_blight
Early_blight/Early_blight_01188.jpg,Early_blight
Early_blight/Early_blight_00976.jpg,Early_blight
Early_blight/Early_blight_00604.jpg,Early_blight
Early_blight/Early_blight_00063.jpg,Early_blight
Early_blight/Early_blight_00018.jpg,Early_blight
Early_blight/Early_blight_00749.jpg,Early_blight
Early_blight/Early_blight_00341.jpg,Early_blight
Early_blight/Early_blight_00693.jpg,Early_blight
Early_blight/Early_blight_01001.jpg,Early_blight
Early_blight/Early_blight_00782.jpg,Early_blight
Early_blight/Early_blight_00921.jpg,Early_blight
Early_blight/Early_blight_00557.jpg,Early_blight
Early_blight/Early_blight_00643.jpg,Early_blight
Early_blight/Early_blight_00396.jpg,Early_blight
Early_blight/Early_blight_00979.jpg,Early_blight
Early_blight/Early_blight_01035.jpg,Early_blight
Early_blight/Early_blight_01019.jpg,Early_blight
Early_blight/Early_blight_00026.jpg,Early_blight
Early_blight/Early_blight_00275.jpg,Early_blight
Early_blight/Early_blight_00496.jpg,Early_blight
Early_blight/Early_blight_00262.jpg,Early_blight
Early_blight/Early_blight_00717.jpg,Early_blight
Early_blight/Early_blight_00505.jpg,Early_blight
Early_blight/Early_blight_00410.jpg,Early_blight
Early_blight/Early_blight_01181.jpg,Early_blight
Early_blight/Early_blight_00622.jpg,Early_blight
Early_blight/Early_blight_00548.jpg,Early_blight
Early_blight/Early_blight_00076.jpg,Early_blight
Early_blight/Early_blight_01108.jpg,Early_blight
Early_blight/Early_blight_00116.jpg,Early_blight
Early_blight/Early_blight_00497.jpg,Early_blight
Early_blight/Early_blight_00305.jpg,Early_blight
Early_blight/Early_blight_00536.jpg,Early_blight
Early_blight/Early_blight_01116.jpg,Early_blight
Early_blight/Early_blight_00356.jpg,Early_blight
Early_blight/Early_blight_00150.jpg,Early_blight
Early_blight/Early_blight_01059.jpg,Early_blight
Early_blight/Early_blight_00877.jpg,Early_blight
Early_blight/Early_blight_00608.jpg,Early_blight
Early_blight/Early_blight_00906.jpg,Early_blight
Early_blight/Early_blight_00855.jpg,Early_blight
Early_blight/Early_blight_00223.jpg,Early_blight
Early_blight/Early_blight_00733.jpg,Early_blight
Early_blight/Early_blight_00243.jpg,Early_blight
Early_blight/Early_blight_01157.jpg,Early_blight
Early_blight/Early_blight_00597.jpg,Early_blight
Early_blight/Early_blight_01032.jpg,Early_blight
Early_blight/Early_blight_00173.jpg,Early_blight
Early_blight/Early_blight_00789.jpg,Early_blight
Early_blight/Early_blight_00427.jpg,Early_blight
Early_blight/Early_blight_00650.jpg,Early_blight
Early_blight/Early_blight_00775.jpg,Early_blight
Early_blight/Early_blight_00941.jpg,Early_blight
Early_blight/Early_blight_01190.jpg,Early_blight
Early_blight/Early_blight_00863.jpg,Early_blight
Early_blight/Early_blight_00675.jpg,Early_blight
Early_blight/Early_blight_01027.jpg,Early_blight
Early_blight/Early_blight_01128.jpg,Early_blight
Early_blight/Early_blight_00852.jpg,Early_blight
Early_blight/Early_blight_00394.jpg,Early_blight
Early_blight/Early_blight_00459.jpg,Early_blight
Early_blight/Early_blight_00276.jpg,Early_blight
Early_blight/Early_blight_00023.jpg,Early_blight
Early_blight/Early_blight_00512.jpg,Early_blight
Early_blight/Early_blight_00326.jpg,Early_blight
Early_blight/Early_blight_00565.jpg,Early_blight
Early_blight/Early_blight_00668.jpg,Early_blight
Early_blight/Early_blight_01063.jpg,Early_blight
Early_blight/Early_blight_00277.jpg,Early_blight
Early_blight/Early_blight_00007.jpg,Early_blight
Early_blight/Early_blight_01186.jpg,Early_blight
Early_blight/Early_blight_00581.jpg,Early_blight
Early_blight/Early_blight_00537.jpg,Early_blight
Early_blight/Early_blight_01046.jpg,Early_blight
Early_blight/Early_blight_00289.jpg,Early_blight
Early_blight/Early_blight_00322.jpg,Early_blight
Early_blight/Early_blight_00288.jpg,Early_blight
Early_blight/Early_blight_00736.jpg,Early_blight
Early_blight/Early_blight_00631.jpg,Early_blight
Early_blight/Early_blight_01031.jpg,Early_blight
Early_blight/Early_blight_00071.jpg,Early_blight
Early_blight/Early_blight_00052.jpg,Early_blight
Early_blight/Early_blight_00576.jpg,Early_blight
Early_blight/Early_blight_00227.jpg,Early_blight
Early_blight/Early_blight_01169.jpg,Early_blight
Early_blight/Early_blight_00234.jpg,Early_blight
Early_blight/Early_blight_00666.jpg,Early_blight
Early_blight/Early_blight_00202.jpg,Early_blight
Early_blight/Early_blight_00985.jpg,Early_blight
Early_blight/Early_blight_00546.jpg,Early_blight
Early_blight/Early_blight_00098.jpg,Early_blight
Early_blight/Early_blight_00197.jpg,Early_blight
Early_blight/Early_blight_01110.jpg,Early_blight
Early_blight/Early_blight_00357.jpg,Early_blight
Early_blight/Early_blight_00206.jpg,Early_blight
Early_blight/Early_blight_00354.jpg,Early_blight
Early_blight/Early_blight_00796.jpg,Early_blight
Early_blight/Early_blight_01196.jpg,Early_blight
Early_blight/Early_blight_00699.jpg,Early_blight
Early_blight/Early_blight_00360.jpg,Early_blight
Early_blight/Early_blight_00991.jpg,Early_blight
Early_blight/Early_blight_01009.jpg,Early_blight
Early_blight/Early_blight_00907.jpg,Early_blight
Early_blight/Early_blight_00019.jpg,Early_blight
Early_blight/Early_blight_00097.jpg,Early_blight
Early_blight/Early_blight_00628.jpg,Early_blight
Early_blight/Early_blight_00267.jpg,Early_blight
Early_blight/Early_blight_00988.jpg,Early_blight
Early_blight/Early_blight_00513.jpg,Early_blight
Early_blight/Early_blight_00271.jpg,Early_blight
Early_blight/Early_blight_00652.jpg,Early_blight
Early_blight/Early_blight_00114.jpg,Early_blight
Early_blight/Early_blight_01074.jpg,Early_blight
Early_blight/Early_blight_00365.jpg,Early_blight
Early_blight/Early_blight_00969.jpg,Early_blight
Early_blight/Early_blight_00185.jpg,Early_blight
Early_blight/Early_blight_00835.jpg,Early_blight
Early_blight/Early_blight_00201.jpg,Early_blight
Early_blight/Early_blight_00374.jpg,Early_blight
Early_blight/Early_blight_01149.jpg,Early_blight
Early_blight/Early_blight_00043.jpg,Early_blight
Early_blight/Early_blight_00981.jpg,Early_blight
Early_blight/Early_blight_01180.jpg,Early_blight
Early_blight/Early_blight_00278.jpg,Early_blight
Early_blight/Early_blight_00358.jpg,Early_blight
Early_blight/Early_blight_00390.jpg,Early_blight
Early_blight/Early_blight_00868.jpg,Early_blight
Early_blight/Early_blight_00136.jpg,Early_blight
Early_blight/Early_blight_00429.jpg,Early_blight
Early_blight/Early_blight_00834.jpg,Early_blight
Early_blight/Early_blight_00286.jpg,Early_blight
Early_blight/Early_blight_00112.jpg,Early_blight
Early_blight/Early_blight_00846.jpg,Early_blight
Early_blight/Early_blight_01058.jpg,Early_blight
Early_blight/Early_blight_00241.jpg,Early_blight
Early_blight/Early_blight_00034.jpg,Early_blight
Early_blight/Early_blight_00915.jpg,Early_blight
Early_blight/Early_blight_00107.jpg,Early_blight
Early_blight/Early_blight_00464.jpg,Early_blight
Early_blight/Early_blight_01134.jpg,Early_blight
Early_blight/Early_blight_00866.jpg,Early_blight
Early_blight/Early_blight_00110.jpg,Early_blight
Early_blight/Early_blight_00740.jpg,Early_blight
Early_blight/Early_blight_01045.jpg,Early_blight
Early_blight/Early_blight_00616.jpg,Early_blight
Early_blight/Early_blight_00691.jpg,Early_blight
Early_blight/Early_blight_00450.jpg,Early_blight
Early_blight/Early_blight_00767.jpg,Early_blight
Early_blight/Early_blight_00091.jpg,Early_blight
Early_blight/Early_blight_00838.jpg,Early_blight
Early_blight/Early_blight_00038.jpg,Early_blight
Early_blight/Early_blight_01083.jpg,Early_blight
Early_blight/Early_blight_00448.jpg,Early_blight
Early_blight/Early_blight_00893.jpg,Early_blight
Early_blight/Early_blight_01105.jpg,Early_blight
Early_blight/Early_blight_00041.jpg,Early_blight
Early_blight/Early_blight_00408.jpg,Early_blight
Early_blight/Early_blight_01199.jpg,Early_blight
Early_blight/Early_blight_01127.jpg,Early_blight
Early_blight/Early_blight_00787.jpg,Early_blight
Early_blight/Early_blight_00348.jpg,Early_blight
Early_blight/Early_blight_00438.jpg,Early_blight
Early_blight/Early_blight_00299.jpg,Early_blight
Early_blight/Early_blight_00591.jpg,Early_blight
Early_blight/Early_blight_00058.jpg,Early_blight
Early_blight/Early_blight_00867.jpg,Early_blight
Early_blight/Early_blight_00031.jpg,Early_blight
Early_blight/Early_blight_00199.jpg,Early_blight
Early_blight/Early_blight_00683.jpg,Early_blight
Early_blight/Early_blight_00155.jpg,Early_blight
Early_blight/Early_blight_00543.jpg,Early_blight
Early_blight/Early_blight_00417.jpg,Early_blight
Early_blight/Early_blight_00398.jpg,Early_blight
Early_blight/Early_blight_00580.jpg,Early_blight
Early_blight/Early_blight_00904.jpg,Early_blight
Early_blight/Early_blight_00630.jpg,Early_blight
Early_blight/Early_blight_01086.jpg,Early_blight
Early_blight/Early_blight_00719.jpg,Early_blight
Early_blight/Early_blight_00943.jpg,Early_blight
Early_blight/Early_blight_00381.jpg,Early_blight
Early_blight/Early_blight_00492.jpg,Early_blight
Early_blight/Early_blight_00982.jpg,Early_blight
Early_blight/Early_blight_00338.jpg,Early_blight
Early_blight/Early_blight_00319.jpg,Early_blight
Early_blight/Early_blight_00072.jpg,Early_blight
Early_blight/Early_blight_00073.jpg,Early_blight
Early_blight/Early_blight_00653.jpg,Early_blight
Early_blight/Early_blight_00456.jpg,Early_blight
Early_blight/Early_blight_00263.jpg,Early_blight
Early_blight/Early_blight_00804.jpg,Early_blight
Early_blight/Early_blight_00673.jpg,Early_blight
Early_blight/Early_blight_00998.jpg,Early_blight
Early_blight/Early_blight_00821.jpg,Early_blight
Early_blight/Early_blight_00279.jpg,Early_blight
Early_blight/Early_blight_00323.jpg,Early_blight
Early_blight/Early_blight_00384.jpg,Early_blight
Early_blight/Early_blight_00485.jpg,Early_blight
Early_blight/Early_blight_00814.jpg,Early_blight
Early_blight/Early_blight_00618.jpg,Early_blight
Early_blight/Early_blight_00138.jpg,Early_blight
Early_blight/Early_blight_00380.jpg,Early_blight
Early_blight/Early_blight_01182.jpg,Early_blight
Early_blight/Early_blight_00522.jpg,Early_blight
Early_blight/Early_blight_00615.jpg,Early_blight
Early_blight/Early_blight_00454.jpg,Early_blight
Early_blight/Early_blight_00337.jpg,Early_blight
Early_blight/Early_blight_00629.jpg,Early_blight
Early_blight/Early_blight_00918.jpg,Early_blight
Early_blight/Early_blight_00714.jpg,Early_blight
Early_blight/Early_blight_01037.jpg,Early_blight
Early_blight/Early_blight_01163.jpg,Early_blight
Early_blight/Early_blight_00196.jpg,Early_blight
Early_blight/Early_blight_00017.jpg,Early_blight
Early_blight/Early_blight_00641.jpg,Early_blight
Early_blight/Early_blight_00817.jpg,Early_blight
Early_blight/Early_blight_00162.jpg,Early_blight
Early_blight/Early_blight_00369.jpg,Early_blight
Early_blight/Early_blight_01008.jpg,Early_blight
Early_blight/Early_blight_00533.jpg,Early_blight
Early_blight/Early_blight_00333.jpg,Early_blight
Early_blight/Early_blight_00432.jpg,Early_blight
Early_blight/Early_blight_01024.jpg,Early_blight
Early_blight/Early_blight_00672.jpg,Early_blight
Early_blight/Early_blight_00583.jpg,Early_blight
Early_blight/Early_blight_00087.jpg,Early_blight
Early_blight/Early_blight_00115.jpg,Early_blight
Early_blight/Early_blight_00619.jpg,Early_blight
Early_blight/Early_blight_01194.jpg,Early_blight
Early_blight/Early_blight_00663.jpg,Early_blight
Early_blight/Early_blight_00590.jpg,Early_blight
Early_blight/Early_blight_00200.jpg,Early_blight
Early_blight/Early_blight_00075.jpg,Early_blight
Early_blight/Early_blight_00483.jpg,Early_blight
Early_blight/Early_blight_00055.jpg,Early_blight
Early_blight/Early_blight_01047.jpg,Early_blight
Early_blight/Early_blight_00211.jpg,Early_blight
Early_blight/Early_blight_00311.jpg,Early_blight
Early_blight/Early_blight_00184.jpg,Early_blight
Early_blight/Early_blight_01121.jpg,Early_blight
Early_blight/Early_blight_00586.jpg,Early_blight
Early_blight/Early_blight_00415.jpg,Early_blight
Early_blight/Early_blight_00743.jpg,Early_blight
Early_blight/Early_blight_00859.jpg,Early_blight
Early_blight/Early_blight_01184.jpg,Early_blight
Early_blight/Early_blight_00858.jpg,Early_blight
Early_blight/Early_blight_00401.jpg,Early_blight
Early_blight/Early_blight_00654.jpg,Early_blight
Early_blight/Early_blight_00813.jpg,Early_blight
Early_blight/Early_blight_00006.jpg,Early_blight
Early_blight/Early_blight_00472.jpg,Early_blight
Early_blight/Early_blight_00723.jpg,Early_blight
Early_blight/Early_blight_00434.jpg,Early_blight
Early_blight/Early_blight_00569.jpg,Early_blight
Early_blight/Early_blight_01122.jpg,Early_blight
Early_blight/Early_blight_00467.jpg,Early_blight
Early_blight/Early_blight_00126.jpg,Early_blight
Early_blight/Early_blight_00193.jpg,Early_blight
Early_blight/Early_blight_00220.jpg,Early_blight
Early_blight/Early_blight_00737.jpg,Early_blight
Early_blight/Early_blight_01114.jpg,Early_blight
Early_blight/Early_blight_01091.jpg,Early_blight
Early_blight/Early_blight_00431.jpg,Early_blight
Early_blight/Early_blight_01102.jpg,Early_blight
Early_blight/Early_blight_00555.jpg,Early_blight
Early_blight/Early_blight_00180.jpg,Early_blight
Early_blight/Early_blight_00253.jpg,Early_blight
Early_blight/Early_blight_00518.jpg,Early_blight
Early_blight/Early_blight_01173.jpg,Early_blight
Early_blight/Early_blight_00939.jpg,Early_blight
Early_blight/Early_blight_00152.jpg,Early_blight
Early_blight/Early_blight_00897.jpg,Early_blight
Early_blight/Early_blight_00578.jpg,Early_blight
Early_blight/Early_blight_01039.jpg,Early_blight
Early_blight/Early_blight_00626.jpg,Early_blight
Early_blight/Early_blight_00750.jpg,Early_blight
Early_blight/Early_blight_00776.jpg,Early_blight
Early_blight/Early_blight_01158.jpg,Early_blight
Early_blight/Early_blight_00303.jpg,Early_blight
Early_blight/Early_blight_00178.jpg,Early_blight
Early_blight/Early_blight_01147.jpg,Early_blight
Early_blight/Early_blight_00744.jpg,Early_blight
Early_blight/Early_blight_00405.jpg,Early_blight
Early_blight/Early_blight_00204.jpg,Early_blight
Early_blight/Early_blight_00486.jpg,Early_blight
Early_blight/Early_blight_01084.jpg,Early_blight
Early_blight/Early_blight_01113.jpg,Early_blight
Early_blight/Early_blight_00321.jpg,Early_blight
Early_blight/Early_blight_00646.jpg,Early_blight
Early_blight/Early_blight_01018.jpg,Early_blight
Early_blight/Early_blight_01152.jpg,Early_blight
Early_blight/Early_blight_00265.jpg,Early_blight
Early_blight/Early_blight_00260.jpg,Early_blight
Early_blight/Early_blight_00739.jpg,Early_blight
Early_blight/Early_blight_01098.jpg,Early_blight
Early_blight/Early_blight_00742.jpg,Early_blight
Early_blight/Early_blight_00407.jpg,Early_blight
Early_blight/Early_blight_00453.jpg,Early_blight
Early_blight/Early_blight_00617.jpg,Early_blight
Early_blight/Early_blight_00300.jpg,Early_blight
Early_blight/Early_blight_00659.jpg,Early_blight
Early_blight/Early_blight_00679.jpg,Early_blight
Early_blight/Early_blight_00446.jpg,Early_blight
Early_blight/Early_blight_00316.jpg,Early_blight
Early_blight/Early_blight_00349.jpg,Early_blight
Early_blight/Early_blight_01094.jpg,Early_blight
Early_blight/Early_blight_01085.jpg,Early_blight
Early_blight/Early_blight_00540.jpg,Early_blight
Early_blight/Early_blight_00306.jpg,Early_blight
Early_blight/Early_blight_00686.jpg,Early_blight
Early_blight/Early_blight_00765.jpg,Early_blight
Early_blight/Early_blight_00129.jpg,Early_blight
Early_blight/Early_blight_00509.jpg,Early_blight
Early_blight/Early_blight_00946.jpg,Early_blight
Early_blight/Early_blight_00562.jpg,Early_blight
Early_blight/Early_blight_01021.jpg,Early_blight
Early_blight/Early_blight_00291.jpg,Early_blight
Early_blight/Early_blight_00760.jpg,Early_blight
Early_blight/Early_blight_00460.jpg,Early_blight
Early_blight/Early_blight_00935.jpg,Early_blight
Early_blight/Early_blight_00882.jpg,Early_blight
Early_blight/Early_blight_00229.jpg,Early_blight
Early_blight/Early_blight_00135.jpg,Early_blight
Early_blight/Early_blight_01007.jpg,Early_blight
Early_blight/Early_blight_00473.jpg,Early_blight
Early_blight/Early_blight_00735.jpg,Early_blight
Early_blight/Early_blight_00302.jpg,Early_blight
Early_blight/Early_blight_00851.jpg,Early_blight
Early_blight/Early_blight_01067.jpg,Early_blight
Early_blight/Early_blight_00635.jpg,Early_blight
Early_blight/Early_blight_00732.jpg,Early_blight
Early_blight/Early_blight_00252.jpg,Early_blight
Early_blight/Early_blight_00535.jpg,Early_blight
Early_blight/Early_blight_01166.jpg,Early_blight
Early_blight/Early_blight_00238.jpg,Early_blight
Early_blight/Early_blight_00928.jpg,Early_blight
Early_blight/Early_blight_00118.jpg,Early_blight
Early_blight/Early_blight_01195.jpg,Early_blight
Early_blight/Early_blight_00233.jpg,Early_blight
Early_blight/Early_blight_00378.jpg,Early_blight
Early_blight/Early_blight_00530.jpg,Early_blight
Early_blight/Early_blight_00111.jpg,Early_blight
Early_blight/Early_blight_00932.jpg,Early_blight
Early_blight/Early_blight_01033.jpg,Early_blight
Early_blight/Early_blight_00738.jpg,Early_blight
Early_blight/Early_blight_01087.jpg,Early_blight
Early_blight/Early_blight_00121.jpg,Early_blight
Early_blight/Early_blight_00480.jpg,Early_blight
Early_blight/Early_blight_00092.jpg,Early_blight
Early_blight/Early_blight_00160.jpg,Early_blight
Early_blight/Early_blight_01061.jpg,Early_blight
Early_blight/Early_blight_01146.jpg,Early_blight
Early_blight/Early_blight_00648.jpg,Early_blight
Early_blight/Early_blight_01056.jpg,Early_blight
Early_blight/Early_blight_00212.jpg,Early_blight
Early_blight/Early_blight_00232.jpg,Early_blight
Early_blight/Early_blight_00542.jpg,Early_blight
Early_blight/Early_blight_01179.jpg,Early_blight
Early_blight/Early_blight_00191.jpg,Early_blight
Early_blight/Early_blight_00154.jpg,Early_blight
Early_blight/Early_blight_00074.jpg,Early_blight
Early_blight/Early_blight_00914.jpg,Early_blight
Early_blight/Early_blight_00240.jpg,Early_blight
Early_blight/Early_blight_00251.jpg,Early_blight
Early_blight/Early_blight_00911.jpg,Early_blight
Early_blight/Early_blight_00836.jpg,Early_blight
Early_blight/Early_blight_00801.jpg,Early_blight
Early_blight/Early_blight_00466.jpg,Early_blight
Early_blight/Early_blight_00710.jpg,Early_blight
Early_blight/Early_blight_00470.jpg,Early_blight
Early_blight/Early_blight_00610.jpg,Early_blight
Early_blight/Early_blight_00214.jpg,Early_blight
Early_blight/Early_blight_01003.jpg,Early_blight
Early_blight/Early_blight_00256.jpg,Early_blight
Early_blight/Early_blight_00095.jpg,Early_blight
Early_blight/Early_blight_00103.jpg,Early_blight
Early_blight/Early_blight_00770.jpg,Early_blight
Early_blight/Early_blight_00218.jpg,Early_blight
Early_blight/Early_blight_00482.jpg,Early_blight
Early_blight/Early_blight_00049.jpg,Early_blight
Early_blight/Early_blight_00830.jpg,Early_blight
Early_blight/Early_blight_00564.jpg,Early_blight
Early_blight/Early_blight_00428.jpg,Early_blight
Early_blight/Early_blight_00078.jpg,Early_blight
Early_blight/Early_blight_00791.jpg,Early_blight
Early_blight/Early_blight_00919.jpg,Early_blight
Early_blight/Early_blight_00602.jpg,Early_blight
Early_blight/Early_blight_01144.jpg,Early_blight
Early_blight/Early_blight_01123.jpg,Early_blight
Early_blight/Early_blight_00149.jpg,Early_blight
Early_blight/Early_blight_01104.jpg,Early_blight
Early_blight/Early_blight_00795.jpg,Early_blight
Early_blight/Early_blight_00620.jpg,Early_blight
Early_blight/Early_blight_00313.jpg,Early_blight
Early_blight/Early_blight_00878.jpg,Early_blight
Early_blight/Early_blight_00964.jpg,Early_blight
Early_blight/Early_blight_00370.jpg,Early_blight
Early_blight/Early_blight_00674.jpg,Early_blight
Early_blight/Early_blight_00925.jpg,Early_blight
Early_blight/Early_blight_00890.jpg,Early_blight
Early_blight/Early_blight_01096.jpg,Early_blight
Early_blight/Early_blight_01165.jpg,Early_blight
Early_blight/Early_blight_01013.jpg,Early_blight
Early_blight/Early_blight_01088.jpg,Early_blight
Early_blight/Early_blight_01130.jpg,Early_blight
Early_blight/Early_blight_00768.jpg,Early_blight
Early_blight/Early_blight_00106.jpg,Early_blight
Early_blight/Early_blight_00447.jpg,Early_blight
Early_blight/Early_blight_00359.jpg,Early_blight
Early_blight/Early_blight_00527.jpg,Early_blight
Early_blight/Early_blight_00236.jpg,Early_blight
Early_blight/Early_blight_00046.jpg,Early_blight
Early_blight/Early_blight_00069.jpg,Early_blight
Early_blight/Early_blight_00975.jpg,Early_blight
Early_blight/Early_blight_00552.jpg,Early_blight
Early_blight/Early_blight_00416.jpg,Early_blight
Early_blight/Early_blight_01051.jpg,Early_blight
Early_blight/Early_blight_01170.jpg,Early_blight
Early_blight/Early_blight_00134.jpg,Early_blight
Early_blight/Early_blight_00145.jpg,Early_blight
Early_blight/Early_blight_00603.jpg,Early_blight
Early_blight/Early_blight_00458.jpg,Early_blight
Early_blight/Early_blight_01159.jpg,Early_blight
Early_blight/Early_blight_00109.jpg,Early_blight
Early_blight/Early_blight_00595.jpg,Early_blight
Early_blight/Early_blight_01028.jpg,Early_blight
Early_blight/Early_blight_00084.jpg,Early_blight
Early_blight/Early_blight_00217.jpg,Early_blight
Early_blight/Early_blight_00382.jpg,Early_blight
Early_blight/Early_blight_00917.jpg,Early_blight
Early_blight/Early_blight_00773.jpg,Early_blight
Early_blight/Early_blight_00320.jpg,Early_blight
Early_blight/Early_blight_01040.jpg,Early_blight
Early_blight/Early_blight_00953.jpg,Early_blight
Early_blight/Early_blight_01153.jpg,Early_blight
Early_blight/Early_blight_00375.jpg,Early_blight
Early_blight/Early_blight_00194.jpg,Early_blight
Early_blight/Early_blight_00028.jpg,Early_blight
Early_blight/Early_blight_00584.jpg,Early_blight
Early_blight/Early_blight_00783.jpg,Early_blight
Early_blight/Early_blight_01010.jpg,Early_blight
Early_blight/Early_blight_00344.jpg,Early_blight
Early_blight/Early_blight_00995.jpg,Early_blight
Early_blight/Early_blight_00966.jpg,Early_blight
Early_blight/Early_blight_00818.jpg,Early_blight
Early_blight/Early_blight_00387.jpg,Early_blight
Early_blight/Early_blight_00769.jpg,Early_blight
Early_blight/Early_blight_01156.jpg,Early_blight
Early_blight/Early_blight_01154.jpg,Early_blight
Early_blight/Early_blight_00093.jpg,Early_blight
Early_blight/Early_blight_00745.jpg,Early_blight
Early_blight/Early_blight_01070.jpg,Early_blight
Early_blight/Early_blight_00090.jpg,Early_blight
Early_blight/Early_blight_00477.jpg,Early_blight
Early_blight/Early_blight_00816.jpg,Early_blight
Early_blight/Early_blight_00711.jpg,Early_blight
Early_blight/Early_blight_00175.jpg,Early_blight
Early_blight/Early_blight_01006.jpg,Early_blight
Early_blight/Early_blight_00293.jpg,Early_blight
Early_blight/Early_blight_00885.jpg,Early_blight
Early_blight/Early_blight_01168.jpg,Early_blight
Early_blight/Early_blight_01082.jpg,Early_blight
Early_blight/Early_blight_00753.jpg,Early_blight
Early_blight/Early_blight_00044.jpg,Early_blight
Early_blight/Early_blight_00151.jpg,Early_blight
Early_blight/Early_blight_00172.jpg,Early_blight
Early_blight/Early_blight_00845.jpg,Early_blight
Early_blight/Early_blight_00671.jpg,Early_blight
Early_blight/Early_blight_00715.jpg,Early_blight
Early_blight/Early_blight_00709.jpg,Early_blight
Early_blight/Early_blight_01075.jpg,Early_blight
Early_blight/Early_blight_00061.jpg,Early_blight
Early_blight/Early_blight_00761.jpg,Early_blight
Early_blight/Early_blight_00545.jpg,Early_blight
Early_blight/Early_blight_00575.jpg,Early_blight
Early_blight/Early_blight_00700.jpg,Early_blight
Early_blight/Early_blight_00556.jpg,Early_blight
Early_blight/Early_blight_00122.jpg,Early_blight
Early_blight/Early_blight_00035.jpg,Early_blight
Early_blight/Early_blight_00662.jpg,Early_blight
Early_blight/Early_blight_00909.jpg,Early_blight
Early_blight/Early_blight_00230.jpg,Early_blight
Early_blight/Early_blight_00687.jpg,Early_blight
Early_blight/Early_blight_00285.jpg,Early_blight
Early_blight/Early_blight_00528.jpg,Early_blight
Early_blight/Early_blight_01041.jpg,Early_blight
Early_blight/Early_blight_00363.jpg,Early_blight
Early_blight/Early_blight_00642.jpg,Early_blight
Early_blight/Early_blight_00567.jpg,Early_blight
Early_blight/Early_blight_01048.jpg,Early_blight
Early_blight/Early_blight_00294.jpg,Early_blight
Early_blight/Early_blight_00726.jpg,Early_blight
Early_blight/Early_blight_00506.jpg,Early_blight
Early_blight/Early_blight_00682.jpg,Early_blight
Early_blight/Early_blight_00712.jpg,Early_blight
Early_blight/Early_blight_00385.jpg,Early_blight
Early_blight/Early_blight_01071.jpg,Early_blight
Early_blight/Early_blight_00550.jpg,Early_blight
Early_blight/Early_blight_00499.jpg,Early_blight
Early_blight/Early_blight_00785.jpg,Early_blight
Early_blight/Early_blight_00558.jpg,Early_blight
Late_blight/Late_blight_01066.jpg,Late_blight
Late_blight/Late_blight_00858.jpg,Late_blight
Late_blight/Late_blight_00491.jpg,Late_blight
Late_blight/Late_blight_00676.jpg,Late_blight
Late_blight/Late_blight_00129.jpg,Late_blight
Late_blight/Late_blight_01138.jpg,Late_blight
Late_blight/Late_blight_00899.jpg,Late_blight
Late_blight/Late_blight_00237.jpg,Late_blight
Late_blight/Late_blight_00594.jpg,Late_blight
Late_blight/Late_blight_00814.jpg,Late_blight
Late_blight/Late_blight_00579.jpg,Late_blight
Late_blight/Late_blight_00642.jpg,Late_blight
Late_blight/Late_blight_00588.jpg,Late_blight
Late_blight/Late_blight_00349.jpg,Late_blight
Late_blight/Late_blight_00986.jpg,Late_blight
Late_blight/Late_blight_01188.jpg,Late_blight
Late_blight/Late_blight_00601.jpg,Late_blight
Late_blight/Late_blight_01052.jpg,Late_blight
Late_blight/Late_blight_00325.jpg,Late_blight
Late_blight/Late_blight_00749.jpg,Late_blight
Late_blight/Late_blight_00005.jpg,Late_blight
Late_blight/Late_blight_00099.jpg,Late_blight
Late_blight/Late_blight_00167.jpg,Late_blight
Late_blight/Late_blight_00689.jpg,Late_blight
Late_blight/Late_blight_00476.jpg,Late_blight
Late_blight/Late_blight_00639.jpg,Late_blight
Late_blight/Late_blight_00104.jpg,Late_blight
Late_blight/Late_blight_00940.jpg,Late_blight
Late_blight/Late_blight_00803.jpg,Late_blight
Late_blight/Late_blight_01134.jpg,Late_blight
Late_blight/Late_blight_00744.jpg,Late_blight
Late_blight/Late_blight_00226.jpg,Late_blight
Late_blight/Late_blight_00160.jpg,Late_blight
Late_blight/Late_blight_00062.jpg,Late_blight
Late_blight/Late_blight_00548.jpg,Late_blight
Late_blight/Late_blight_00711.jpg,Late_blight
Late_blight/Late_blight_00449.jpg,Late_blight
Late_blight/Late_blight_00407.jpg,Late_blight
Late_blight/Late_blight_00607.jpg,Late_blight
Late_blight/Late_blight_00605.jpg,Late_blight
Late_blight/Late_blight_00040.jpg,Late_blight
Late_blight/Late_blight_01119.jpg,Late_blight
Late_blight/Late_blight_01141.jpg,Late_blight
Late_blight/Late_blight_00928.jpg,Late_blight
Late_blight/Late_blight_01165.jpg,Late_blight
Late_blight/Late_blight_00016.jpg,Late_blight
Late_blight/Late_blight_00076.jpg,Late_blight
Late_blight/Late_blight_00815.jpg,Late_blight
Late_blight/Late_blight_00693.jpg,Late_blight
Late_blight/Late_blight_01136.jpg,Late_blight
Late_blight/Late_blight_00745.jpg,Late_blight
Late_blight/Late_blight_00406.jpg,Late_blight
Late_blight/Late_blight_00018.jpg,Late_blight
Late_blight/Late_blight_00371.jpg,Late_blight
Late_blight/Late_blight_00300.jpg,Late_blight
Late_blight/Late_blight_00692.jpg,Late_blight
Late_blight/Late_blight_00219.jpg,Late_blight
Late_blight/Late_blight_00426.jpg,Late_blight
Late_blight/Late_blight_00641.jpg,Late_blight
Late_blight/Late_blight_00253.jpg,Late_blight
Late_blight/Late_blight_00147.jpg,Late_blight
Late_blight/Late_blight_00387.jpg,Late_blight
Late_blight/Late_blight_00084.jpg,Late_blight
Late_blight/Late_blight_00105.jpg,Late_blight
Late_blight/Late_blight_00059.jpg,Late_blight
Late_blight/Late_blight_00101.jpg,Late_blight
Late_blight/Late_blight_00401.jpg,Late_blight
Late_blight/Late_blight_00683.jpg,Late_blight
Late_blight/Late_blight_00409.jpg,Late_blight
Late_blight/Late_blight_00132.jpg,Late_blight
Late_blight/Late_blight_01157.jpg,Late_blight
Late_blight/Late_blight_00752.jpg,Late_blight
Late_blight/Late_blight_00276.jpg,Late_blight
Late_blight/Late_blight_00831.jpg,Late_blight
Late_blight/Late_blight_01089.jpg,Late_blight
Late_blight/Late_blight_00198.jpg,Late_blight
Late_blight/Late_blight_01127.jpg,Late_blight
Late_blight/Late_blight_01183.jpg,Late_blight
Late_blight/Late_blight_00860.jpg,Late_blight
Late_blight/Late_blight_00857.jpg,Late_blight
Late_blight/Late_blight_00576.jpg,Late_blight
Late_blight/Late_blight_00709.jpg,Late_blight
Late_blight/Late_blight_00962.jpg,Late_blight
Late_blight/Late_blight_00247.jpg,Late_blight
Late_blight/Late_blight_00942.jpg,Late_blight
Late_blight/Late_blight_01021.jpg,Late_blight
Late_blight/Late_blight_01005.jpg,Late_blight
Late_blight/Late_blight_00270.jpg,Late_blight
Late_blight/Late_blight_00606.jpg,Late_blight
Late_blight/Late_blight_01041.jpg,Late_blight
Late_blight/Late_blight_00957.jpg,Late_blight
Late_blight/Late_blight_00932.jpg,Late_blight
Late_blight/Late_blight_00046.jpg,Late_blight
Late_blight/Late_blight_00632.jpg,Late_blight
Late_blight/Late_blight_00945.jpg,Late_blight
Late_blight/Late_blight_00199.jpg,Late_blight
Late_blight/Late_blight_00775.jpg,Late_blight
Late_blight/Late_blight_01086.jpg,Late_blight
Late_blight/Late_blight_01156.jpg,Late_blight
Late_blight/Late_blight_00428.jpg,Late_blight
Late_blight/Late_blight_00897.jpg,Late_blight
Late_blight/Late_blight_00380.jpg,Late_blight
Late_blight/Late_blight_00262.jpg,Late_blight
Late_blight/Late_blight_00756.jpg,Late_blight
Late_blight/Late_blight_00131.jpg,Late_blight
Late_blight/Late_blight_00832.jpg,Late_blight
Late_blight/Late_blight_00208.jpg,Late_blight
Late_blight/Late_blight_00499.jpg,Late_blight
Late_blight/Late_blight_01062.jpg,Late_blight
Late_blight/Late_blight_00314.jpg,Late_blight
Late_blight/Late_blight_00645.jpg,Late_blight
Late_blight/Late_blight_00502.jpg,Late_blight
Late_blight/Late_blight_00053.jpg,Late_blight
Late_blight/Late_blight_00653.jpg,Late_blight
Late_blight/Late_blight_00410.jpg,Late_blight
Late_blight/Late_blight_00674.jpg,Late_blight
Late_blight/Late_blight_00493.jpg,Late_blight
Late_blight/Late_blight_00834.jpg,Late_blight
Late_blight/Late_blight_00092.jpg,Late_blight
Late_blight/Late_blight_00337.jpg,Late_blight
Late_blight/Late_blight_00996.jpg,Late_blight
Late_blight/Late_blight_01171.jpg,Late_blight
Late_blight/Late_blight_00869.jpg,Late_blight
Late_blight/Late_blight_00508.jpg,Late_blight
Late_blight/Late_blight_00080.jpg,Late_blight
Late_blight/Late_blight_00421.jpg,Late_blight
Late_blight/Late_blight_00518.jpg,Late_blight
Late_blight/Late_blight_00280.jpg,Late_blight
Late_blight/Late_blight_01001.jpg,Late_blight
Late_blight/Late_blight_00677.jpg,Late_blight
Late_blight/Late_blight_00542.jpg,Late_blight
Late_blight/Late_blight_01029.jpg,Late_blight
Late_blight/Late_blight_00439.jpg,Late_blight
Late_blight/Late_blight_00292.jpg,Late_blight
Late_blight/Late_blight_00472.jpg,Late_blight
Late_blight/Late_blight_00785.jpg,Late_blight
Late_blight/Late_blight_00420.jpg,Late_blight
Late_blight/Late_blight_01197.jpg,Late_blight
Late_blight/Late_blight_00164.jpg,Late_blight
Late_blight/Late_blight_00303.jpg,Late_blight
Late_blight/Late_blight_00457.jpg,Late_blight
Late_blight/Late_blight_01112.jpg,Late_blight
Late_blight/Late_blight_00478.jpg,Late_blight
Late_blight/Late_blight_00229.jpg,Late_blight
Late_blight/Late_blight_01115.jpg,Late_blight
Late_blight/Late_blight_00805.jpg,Late_blight
Late_blight/Late_blight_00191.jpg,Late_blight
Late_blight/Late_blight_00821.jpg,Late_blight
Late_blight/Late_blight_00302.jpg,Late_blight
Late_blight/Late_blight_00971.jpg,Late_blight
Late_blight/Late_blight_01011.jpg,Late_blight
Late_blight/Late_blight_00963.jpg,Late_blight
Late_blight/Late_blight_00773.jpg,Late_blight
Late_blight/Late_blight_00313.jpg,Late_blight
Late_blight/Late_blight_00589.jpg,Late_blight
Late_blight/Late_blight_00794.jpg,Late_blight
Late_blight/Late_blight_00142.jpg,Late_blight
Late_blight/Late_blight_00534.jpg,Late_blight
Late_blight/Late_blight_00094.jpg,Late_blight
Late_blight/Late_blight_00179.jpg,Late_blight
Late_blight/Late_blight_01102.jpg,Late_blight
Late_blight/Late_blight_00786.jpg,Late_blight
Late_blight/Late_blight_00441.jpg,Late_blight
Late_blight/Late_blight_00418.jpg,Late_blight
Late_blight/Late_blight_01161.jpg,Late_blight
Late_blight/Late_blight_00486.jpg,Late_blight
Late_blight/Late_blight_01019.jpg,Late_blight
Late_blight/Late_blight_00265.jpg,Late_blight
Late_blight/Late_blight_00290.jpg,Late_blight
Late_blight/Late_blight_00696.jpg,Late_blight
Late_blight/Late_blight_01079.jpg,Late_blight
Late_blight/Late_blight_00543.jpg,Late_blight
Late_blight/Late_blight_00715.jpg,Late_blight
Late_blight/Late_blight_00506.jpg,Late_blight
Late_blight/Late_blight_00453.jpg,Late_blight
Late_blight/Late_blight_00118.jpg,Late_blight
Late_blight/Late_blight_00061.jpg,Late_blight
Late_blight/Late_blight_00222.jpg,Late_blight
Late_blight/Late_blight_00870.jpg,Late_blight
Late_blight/Late_blight_00220.jpg,Late_blight
Late_blight/Late_blight_00585.jpg,Late_blight
Late_blight/Late_blight_00088.jpg,Late_blight
Late_blight/Late_blight_01063.jpg,Late_blight
Late_blight/Late_blight_00227.jpg,Late_blight
Late_blight/Late_blight_00156.jpg,Late_blight
Late_blight/Late_blight_00920.jpg,Late_blight
Late_blight/Late_blight_00411.jpg,Late_blight
Late_blight/Late_blight_00110.jpg,Late_blight
Late_blight/Late_blight_00001.jpg,Late_blight
Late_blight/Late_blight_00098.jpg,Late_blight
Late_blight/Late_blight_00955.jpg,Late_blight
Late_blight/Late_blight_00695.jpg,Late_blight
Late_blight/Late_blight_00829.jpg,Late_blight
Late_blight/Late_blight_00848.jpg,Late_blight
Late_blight/Late_blight_00933.jpg,Late_blight
Late_blight/Late_blight_00734.jpg,Late_blight
Late_blight/Late_blight_00570.jpg,Late_blight
Late_blight/Late_blight_00793.jpg,Late_blight
Late_blight/Late_blight_00627.jpg,Late_blight
Late_blight/Late_blight_00487.jpg,Late_blight
Late_blight/Late_blight_00743.jpg,Late_blight
Late_blight/Late_blight_00898.jpg,Late_blight
Late_blight/Late_blight_01096.jpg,Late_blight
Late_blight/Late_blight_00522.jpg,Late_blight
Late_blight/Late_blight_00471.jpg,Late_blight
Late_blight/Late_blight_00742.jpg,Late_blight
Late_blight/Late_blight_01097.jpg,Late_blight
Late_blight/Late_blight_00283.jpg,Late_blight
Late_blight/Late_blight_00274.jpg,Late_blight
Late_blight/Late_blight_00864.jpg,Late_blight
Late_blight/Late_blight_00792.jpg,Late_blight
Late_blight/Late_blight_00628.jpg,Late_blight
Late_blight/Late_blight_01151.jpg,Late_blight
Late_blight/Late_blight_00549.jpg,Late_blight
Late_blight/Late_blight_00909.jpg,Late_blight
Late_blight/Late_blight_00649.jpg,Late_blight
Late_blight/Late_blight_00225.jpg,Late_blight
Late_blight/Late_blight_00682.jpg,Late_blight
Late_blight/Late_blight_01050.jpg,Late_blight
Late_blight/Late_blight_00301.jpg,Late_blight
Late_blight/Late_blight_00804.jpg,Late_blight
Late_blight/Late_blight_00530.jpg,Late_blight
Late_blight/Late_blight_00753.jpg,Late_blight
Late_blight/Late_blight_01018.jpg,Late_blight
Late_blight/Late_blight_00827.jpg,Late_blight
Late_blight/Late_blight_00422.jpg,Late_blight
Late_blight/Late_blight_00121.jpg,Late_blight
Late_blight/Late_blight_00232.jpg,Late_blight
Late_blight/Late_blight_00751.jpg,Late_blight
Late_blight/Late_blight_01108.jpg,Late_blight
Late_blight/Late_blight_00347.jpg,Late_blight
Late_blight/Late_blight_01120.jpg,Late_blight
Late_blight/Late_blight_00295.jpg,Late_blight
Late_blight/Late_blight_00189.jpg,Late_blight
Late_blight/Late_blight_00438.jpg,Late_blight
Late_blight/Late_blight_00563.jpg,Late_blight
Late_blight/Late_blight_00724.jpg,Late_blight
Late_blight/Late_blight_00177.jpg,Late_blight
Late_blight/Late_blight_00424.jpg,Late_blight
Late_blight/Late_blight_01137.jpg,Late_blight
Late_blight/Late_blight_00111.jpg,Late_blight
Late_blight/Late_blight_00767.jpg,Late_blight
Late_blight/Late_blight_01074.jpg,Late_blight
Late_blight/Late_blight_00367.jpg,Late_blight
Late_blight/Late_blight_00946.jpg,Late_blight
Late_blight/Late_blight_00393.jpg,Late_blight
Late_blight/Late_blight_01121.jpg,Late_blight
Late_blight/Late_blight_00906.jpg,Late_blight
Late_blight/Late_blight_00790.jpg,Late_blight
Late_blight/Late_blight_00865.jpg,Late_blight
Late_blight/Late_blight_00095.jpg,Late_blight
Late_blight/Late_blight_00384.jpg,Late_blight
Late_blight/Late_blight_00765.jpg,Late_blight
Late_blight/Late_blight_00545.jpg,Late_blight
Late_blight/Late_blight_00209.jpg,Late_blight
Late_blight/Late_blight_00915.jpg,Late_blight
Late_blight/Late_blight_00998.jpg,Late_blight
Late_blight/Late_blight_00058.jpg,Late_blight
Late_blight/Late_blight_00285.jpg,Late_blight
Late_blight/Late_blight_00412.jpg,Late_blight
Late_blight/Late_blight_00755.jpg,Late_blight
Late_blight/Late_blight_00448.jpg,Late_blight
Late_blight/Late_blight_00782.jpg,Late_blight
Late_blight/Late_blight_00386.jpg,Late_blight
Late_blight/Late_blight_00936.jpg,Late_blight
Late_blight/Late_blight_00074.jpg,Late_blight
Late_blight/Late_blight_00944.jpg,Late_blight
Late_blight/Late_blight_00187.jpg,Late_blight
Late_blight/Late_blight_00452.jpg,Late_blight
Late_blight/Late_blight_00746.jpg,Late_blight
Late_blight/Late_blight_00665.jpg,Late_blight
Late_blight/Late_blight_00461.jpg,Late_blight
Late_blight/Late_blight_00063.jpg,Late_blight
Late_blight/Late_blight_00990.jpg,Late_blight
Late_blight/Late_blight_00148.jpg,Late_blight
Late_blight/Late_blight_00907.jpg,Late_blight
Late_blight/Late_blight_00758.jpg,Late_blight
Late_blight/Late_blight_00054.jpg,Late_blight
Late_blight/Late_blight_01007.jpg,Late_blight
Late_blight/Late_blight_00567.jpg,Late_blight
Late_blight/Late_blight_00172.jpg,Late_blight
Late_blight/Late_blight_00075.jpg,Late_blight
Late_blight/Late_blight_01131.jpg,Late_blight
Late_blight/Late_blight_00903.jpg,Late_blight
Late_blight/Late_blight_01095.jpg,Late_blight
Late_blight/Late_blight_01024.jpg,Late_blight
Late_blight/Late_blight_00690.jpg,Late_blight
Late_blight/Late_blight_00456.jpg,Late_blight
Late_blight/Late_blight_00182.jpg,Late_blight
Late_blight/Late_blight_00735.jpg,Late_blight
Late_blight/Late_blight_00012.jpg,Late_blight
Late_blight/Late_blight_01039.jpg,Late_blight
Late_blight/Late_blight_00009.jpg,Late_blight
Late_blight/Late_blight_01164.jpg,Late_blight
Late_blight/Late_blight_00910.jpg,Late_blight
Late_blight/Late_blight_00353.jpg,Late_blight
Late_blight/Late_blight_00468.jpg,Late_blight
Late_blight/Late_blight_00100.jpg,Late_blight
Late_blight/Late_blight_00032.jpg,Late_blight
Late_blight/Late_blight_00176.jpg,Late_blight
Late_blight/Late_blight_00087.jpg,Late_blight
Late_blight/Late_blight_00553.jpg,Late_blight
Late_blight/Late_blight_00419.jpg,Late_blight
Late_blight/Late_blight_00593.jpg,Late_blight
Late_blight/Late_blight_00026.jpg,Late_blight
Late_blight/Late_blight_00437.jpg,Late_blight
Late_blight/Late_blight_01192.jpg,Late_blight
Late_blight/Late_blight_00884.jpg,Late_blight
Late_blight/Late_blight_00342.jpg,Late_blight
Late_blight/Late_blight_01045.jpg,Late_blight
Late_blight/Late_blight_01194.jpg,Late_blight
Late_blight/Late_blight_01118.jpg,Late_blight
Late_blight/Late_blight_00282.jpg,Late_blight
Late_blight/Late_blight_00516.jpg,Late_blight
Late_blight/Late_blight_01073.jpg,Late_blight
Late_blight/Late_blight_00919.jpg,Late_blight
Late_blight/Late_blight_00447.jpg,Late_blight
Late_blight/Late_blight_00923.jpg,Late_blight
Late_blight/Late_blight_00383.jpg,Late_blight
Late_blight/Late_blight_00143.jpg,Late_blight
Late_blight/Late_blight_00844.jpg,Late_blight
Late_blight/Late_blight_00883.jpg,Late_blight
Late_blight/Late_blight_00595.jpg,Late_blight
Late_blight/Late_blight_00513.jpg,Late_blight
Late_blight/Late_blight_00079.jpg,Late_blight
Late_blight/Late_blight_00436.jpg,Late_blight
Late_blight/Late_blight_00414.jpg,Late_blight
Late_blight/Late_blight_00893.jpg,Late_blight
Late_blight/Late_blight_00339.jpg,Late_blight
Late_blight/Late_blight_00527.jpg,Late_blight
Late_blight/Late_blight_01169.jpg,Late_blight
Late_blight/Late_blight_00992.jpg,Late_blight
Late_blight/Late_blight_01110.jpg,Late_blight
Late_blight/Late_blight_00375.jpg,Late_blight
Late_blight/Late_blight_00774.jpg,Late_blight
Late_blight/Late_blight_01087.jpg,Late_blight
Late_blight/Late_blight_00643.jpg,Late_blight
Late_blight/Late_blight_01116.jpg,Late_blight
Late_blight/Late_blight_01032.jpg,Late_blight
Late_blight/Late_blight_00705.jpg,Late_blight
Late_blight/Late_blight_01130.jpg,Late_blight
Late_blight/Late_blight_01057.jpg,Late_blight
Late_blight/Late_blight_00260.jpg,Late_blight
Late_blight/Late_blight_00155.jpg,Late_blight
Late_blight/Late_blight_00103.jpg,Late_blight
Late_blight/Late_blight_00989.jpg,Late_blight
Late_blight/Late_blight_00694.jpg,Late_blight
Late_blight/Late_blight_00713.jpg,Late_blight
Late_blight/Late_blight_00878.jpg,Late_blight
Late_blight/Late_blight_00566.jpg,Late_blight
Late_blight/Late_blight_00081.jpg,Late_blight
Late_blight/Late_blight_01092.jpg,Late_blight
Late_blight/Late_blight_00363.jpg,Late_blight
Late_blight/Late_blight_00065.jpg,Late_blight
Late_blight/Late_blight_00246.jpg,Late_blight
Late_blight/Late_blight_00797.jpg,Late_blight
Late_blight/Late_blight_00284.jpg,Late_blight
Late_blight/Late_blight_00578.jpg,Late_blight
Late_blight/Late_blight_00822.jpg,Late_blight
Late_blight/Late_blight_00011.jpg,Late_blight
Late_blight/Late_blight_00039.jpg,Late_blight
Late_blight/Late_blight_00943.jpg,Late_blight
Late_blight/Late_blight_00846.jpg,Late_blight
Late_blight/Late_blight_00880.jpg,Late_blight
Late_blight/Late_blight_00467.jpg,Late_blight
Late_blight/Late_blight_00495.jpg,Late_blight
Late_blight/Late_blight_00531.jpg,Late_blight
Late_blight/Late_blight_00474.jpg,Late_blight
Late_blight/Late_blight_00205.jpg,Late_blight
Late_blight/Late_blight_00465.jpg,Late_blight
Late_blight/Late_blight_00307.jpg,Late_blight
Late_blight/Late_blight_00417.jpg,Late_blight
Late_blight/Late_blight_00725.jpg,Late_blight
Late_blight/Late_blight_00624.jpg,Late_blight
Late_blight/Late_blight_00215.jpg,Late_blight
Late_blight/Late_blight_00175.jpg,Late_blight
Late_blight/Late_blight_00704.jpg,Late_blight
Late_blight/Late_blight_00960.jpg,Late_blight
Late_blight/Late_blight_00045.jpg,Late_blight
Late_blight/Late_blight_00760.jpg,Late_blight
Late_blight/Late_blight_00041.jpg,Late_blight
Late_blight/Late_blight_00948.jpg,Late_blight
Late_blight/Late_blight_00138.jpg,Late_blight
Late_blight/Late_blight_00949.jpg,Late_blight
Late_blight/Late_blight_00130.jpg,Late_blight
Late_blight/Late_blight_00802.jpg,Late_blight
Late_blight/Late_blight_00968.jpg,Late_blight
Late_blight/Late_blight_00067.jpg,Late_blight
Late_blight/Late_blight_00390.jpg,Late_blight
Late_blight/Late_blight_00783.jpg,Late_blight
Late_blight/Late_blight_00106.jpg,Late_blight
Late_blight/Late_blight_00707.jpg,Late_blight
Late_blight/Late_blight_00489.jpg,Late_blight
Late_blight/Late_blight_00496.jpg,Late_blight
Late_blight/Late_blight_00013.jpg,Late_blight
Late_blight/Late_blight_01153.jpg,Late_blight
Late_blight/Late_blight_00169.jpg,Late_blight
Late_blight/Late_blight_00315.jpg,Late_blight
Late_blight/Late_blight_00759.jpg,Late_blight
Late_blight/Late_blight_00089.jpg,Late_blight
Late_blight/Late_blight_00321.jpg,Late_blight
Late_blight/Late_blight_01191.jpg,Late_blight
Late_blight/Late_blight_00519.jpg,Late_blight
Late_blight/Late_blight_00672.jpg,Late_blight
Late_blight/Late_blight_01004.jpg,Late_blight
Late_blight/Late_blight_00738.jpg,Late_blight
Late_blight/Late_blight_01020.jpg,Late_blight
Late_blight/Late_blight_00824.jpg,Late_blight
Late_blight/Late_blight_00309.jpg,Late_blight
Late_blight/Late_blight_00651.jpg,Late_blight
Late_blight/Late_blight_00964.jpg,Late_blight
Late_blight/Late_blight_00633.jpg,Late_blight
Late_blight/Late_blight_00838.jpg,Late_blight
Late_blight/Late_blight_00680.jpg,Late_blight
Late_blight/Late_blight_00254.jpg,Late_blight
Late_blight/Late_blight_01006.jpg,Late_blight
Late_blight/Late_blight_00042.jpg,Late_blight
Late_blight/Late_blight_00597.jpg,Late_blight
Late_blight/Late_blight_00523.jpg,Late_blight
Late_blight/Late_blight_01038.jpg,Late_blight
Late_blight/Late_blight_01132.jpg,Late_blight
Late_blight/Late_blight_00236.jpg,Late_blight
Late_blight/Late_blight_01071.jpg,Late_blight
Late_blight/Late_blight_00266.jpg,Late_blight
Late_blight/Late_blight_00754.jpg,Late_blight
Late_blight/Late_blight_00431.jpg,Late_blight
Late_blight/Late_blight_00072.jpg,Late_blight
Late_blight/Late_blight_01114.jpg,Late_blight
Late_blight/Late_blight_01064.jpg,Late_blight
Late_blight/Late_blight_00322.jpg,Late_blight
Late_blight/Late_blight_00444.jpg,Late_blight
Late_blight/Late_blight_00685.jpg,Late_blight
Late_blight/Late_blight_01159.jpg,Late_blight
Late_blight/Late_blight_00064.jpg,Late_blight
Late_blight/Late_blight_00626.jpg,Late_blight
Late_blight/Late_blight_01103.jpg,Late_blight
Late_blight/Late_blight_00102.jpg,Late_blight
Late_blight/Late_blight_00458.jpg,Late_blight
Late_blight/Late_blight_00816.jpg,Late_blight
Late_blight/Late_blight_00817.jpg,Late_blight
Late_blight/Late_blight_00966.jpg,Late_blight
Late_blight/Late_blight_00133.jpg,Late_blight
Late_blight/Late_blight_01030.jpg,Late_blight
Late_blight/Late_blight_01067.jpg,Late_blight
Late_blight/Late_blight_01033.jpg,Late_blight
Late_blight/Late_blight_01016.jpg,Late_blight
Late_blight/Late_blight_00610.jpg,Late_blight
Late_blight/Late_blight_00617.jpg,Late_blight
Late_blight/Late_blight_00757.jpg,Late_blight
Late_blight/Late_blight_01142.jpg,Late_blight
Late_blight/Late_blight_01017.jpg,Late_blight
Late_blight/Late_blight_00297.jpg,Late_blight
Late_blight/Late_blight_00200.jpg,Late_blight
Late_blight/Late_blight_00850.jpg,Late_blight
Late_blight/Late_blight_00137.jpg,Late_blight
Late_blight/Late_blight_00554.jpg,Late_blight
Late_blight/Late_blight_01034.jpg,Late_blight
Late_blight/Late_blight_01175.jpg,Late_blight
Late_blight/Late_blight_00358.jpg,Late_blight
Late_blight/Late_blight_01065.jpg,Late_blight
Late_blight/Late_blight_00650.jpg,Late_blight
Late_blight/Late_blight_00843.jpg,Late_blight
Late_blight/Late_blight_00699.jpg,Late_blight
Late_blight/Late_blight_00574.jpg,Late_blight
Late_blight/Late_blight_00107.jpg,Late_blight
Late_blight/Late_blight_00876.jpg,Late_blight
Late_blight/Late_blight_00748.jpg,Late_blight
Late_blight/Late_blight_01199.jpg,Late_blight
Late_blight/Late_blight_00825.jpg,Late_blight
Late_blight/Late_blight_00093.jpg,Late_blight
Late_blight/Late_blight_01172.jpg,Late_blight
Late_blight/Late_blight_00117.jpg,Late_blight
Late_blight/Late_blight_00466.jpg,Late_blight
Late_blight/Late_blight_01178.jpg,Late_blight
Late_blight/Late_blight_00778.jpg,Late_blight
Late_blight/Late_blight_00336.jpg,Late_blight
Late_blight/Late_blight_00077.jpg,Late_blight
Late_blight/Late_blight_00789.jpg,Late_blight
Late_blight/Late_blight_00647.jpg,Late_blight
Late_blight/Late_blight_00430.jpg,Late_blight
Late_blight/Late_blight_00234.jpg,Late_blight
Late_blight/Late_blight_00332.jpg,Late_blight
Late_blight/Late_blight_00135.jpg,Late_blight
Late_blight/Late_blight_00128.jpg,Late_blight
Late_blight/Late_blight_00316.jpg,Late_blight
Late_blight/Late_blight_00763.jpg,Late_blight
Late_blight/Late_blight_00728.jpg,Late_blight
Late_blight/Late_blight_01002.jpg,Late_blight
Late_blight/Late_blight_00656.jpg,Late_blight
Late_blight/Late_blight_00664.jpg,Late_blight
Late_blight/Late_blight_01100.jpg,Late_blight
Late_blight/Late_blight_00389.jpg,Late_blight
Late_blight/Late_blight_00150.jpg,Late_blight
Late_blight/Late_blight_00973.jpg,Late_blight
Late_blight/Late_blight_00464.jpg,Late_blight
Late_blight/Late_blight_01200.jpg,Late_blight
Late_blight/Late_blight_00120.jpg,Late_blight
Late_blight/Late_blight_00492.jpg,Late_blight
Late_blight/Late_blight_01166.jpg,Late_blight
Late_blight/Late_blight_00243.jpg,Late_blight
Late_blight/Late_blight_00249.jpg,Late_blight
Late_blight/Late_blight_00952.jpg,Late_blight
Late_blight/Late_blight_00688.jpg,Late_blight
Late_blight/Late_blight_00716.jpg,Late_blight
Late_blight/Late_blight_00972.jpg,Late_blight
Late_blight/Late_blight_00577.jpg,Late_blight
Late_blight/Late_blight_00528.jpg,Late_blight
Late_blight/Late_blight_00582.jpg,Late_blight
Late_blight/Late_blight_01051.jpg,Late_blight
Late_blight/Late_blight_00173.jpg,Late_blight
Late_blight/Late_blight_01113.jpg,Late_blight
Late_blight/Late_blight_00613.jpg,Late_blight
Late_blight/Late_blight_00497.jpg,Late_blight
Late_blight/Late_blight_00678.jpg,Late_blight
Late_blight/Late_blight_00166.jpg,Late_blight
Late_blight/Late_blight_00162.jpg,Late_blight
Late_blight/Late_blight_00351.jpg,Late_blight
Late_blight/Late_blight_01106.jpg,Late_blight
Late_blight/Late_blight_00886.jpg,Late_blight
Late_blight/Late_blight_01122.jpg,Late_blight
Late_blight/Late_blight_00818.jpg,Late_blight
Late_blight/Late_blight_00049.jpg,Late_blight
Late_blight/Late_blight_00888.jpg,Late_blight
Late_blight/Late_blight_00028.jpg,Late_blight
Late_blight/Late_blight_00637.jpg,Late_blight
Late_blight/Late_blight_00877.jpg,Late_blight
Late_blight/Late_blight_00154.jpg,Late_blight
Late_blight/Late_blight_00892.jpg,Late_blight
Late_blight/Late_blight_00796.jpg,Late_blight
Late_blight/Late_blight_00999.jpg,Late_blight
Late_blight/Late_blight_00213.jpg,Late_blight
Late_blight/Late_blight_00239.jpg,Late_blight
Late_blight/Late_blight_00894.jpg,Late_blight
Late_blight/Late_blight_01081.jpg,Late_blight
Late_blight/Late_blight_00854.jpg,Late_blight
Late_blight/Late_blight_00568.jpg,Late_blight
Late_blight/Late_blight_00956.jpg,Late_blight
Late_blight/Late_blight_00124.jpg,Late_blight
Late_blight/Late_blight_00194.jpg,Late_blight
Late_blight/Late_blight_00071.jpg,Late_blight
Late_blight/Late_blight_00027.jpg,Late_blight
Late_blight/Late_blight_00319.jpg,Late_blight
Late_blight/Late_blight_00777.jpg,Late_blight
Late_blight/Late_blight_00885.jpg,Late_blight
Late_blight/Late_blight_00581.jpg,Late_blight
Late_blight/Late_blight_00034.jpg,Late_blight
Late_blight/Late_blight_00462.jpg,Late_blight
Late_blight/Late_blight_00153.jpg,Late_blight
Late_blight/Late_blight_00809.jpg,Late_blight
Late_blight/Late_blight_01190.jpg,Late_blight
Late_blight/Late_blight_00916.jpg,Late_blight
Late_blight/Late_blight_01195.jpg,Late_blight
Late_blight/Late_blight_00659.jpg,Late_blight
Late_blight/Late_blight_00879.jpg,Late_blight
Late_blight/Late_blight_00890.jpg,Late_blight
Late_blight/Late_blight_00038.jpg,Late_blight
Late_blight/Late_blight_00862.jpg,Late_blight
Late_blight/Late_blight_01198.jpg,Late_blight
Late_blight/Late_blight_00559.jpg,Late_blight
Late_blight/Late_blight_00125.jpg,Late_blight
Late_blight/Late_blight_01123.jpg,Late_blight
Late_blight/Late_blight_00149.jpg,Late_blight
Late_blight/Late_blight_01044.jpg,Late_blight
Late_blight/Late_blight_01085.jpg,Late_blight
Late_blight/Late_blight_00526.jpg,Late_blight
Late_blight/Late_blight_00459.jpg,Late_blight
Late_blight/Late_blight_01060.jpg,Late_blight
Late_blight/Late_blight_00988.jpg,Late_blight
Late_blight/Late_blight_01015.jpg,Late_blight
Late_blight/Late_blight_00808.jpg,Late_blight
Late_blight/Late_blight_00941.jpg,Late_blight
Late_blight/Late_blight_00357.jpg,Late_blight
Late_blight/Late_blight_00036.jpg,Late_blight
Late_blight/Late_blight_00201.jpg,Late_blight
Late_blight/Late_blight_00895.jpg,Late_blight
Late_blight/Late_blight_00434.jpg,Late_blight
Late_blight/Late_blight_00328.jpg,Late_blight
Late_blight/Late_blight_00122.jpg,Late_blight
Late_blight/Late_blight_00600.jpg,Late_blight
Late_blight/Late_blight_00668.jpg,Late_blight
Late_blight/Late_blight_00830.jpg,Late_blight
Late_blight/Late_blight_00868.jpg,Late_blight
Late_blight/Late_blight_00494.jpg,Late_blight
Late_blight/Late_blight_00673.jpg,Late_blight
Late_blight/Late_blight_00861.jpg,Late_blight
Late_blight/Late_blight_00450.jpg,Late_blight
Late_blight/Late_blight_00981.jpg,Late_blight
Late_blight/Late_blight_00538.jpg,Late_blight
Late_blight/Late_blight_00278.jpg,Late_blight
Late_blight/Late_blight_00440.jpg,Late_blight
Late_blight/Late_blight_01160.jpg,Late_blight
Late_blight/Late_blight_00126.jpg,Late_blight
Late_blight/Late_blight_00008.jpg,Late_blight
Late_blight/Late_blight_00852.jpg,Late_blight
Late_blight/Late_blight_00525.jpg,Late_blight
Late_blight/Late_blight_01090.jpg,Late_blight
Late_blight/Late_blight_00291.jpg,Late_blight
Late_blight/Late_blight_00388.jpg,Late_blight
Late_blight/Late_blight_00914.jpg,Late_blight
Late_blight/Late_blight_00871.jpg,Late_blight
Late_blight/Late_blight_00255.jpg,Late_blight
Late_blight/Late_blight_00904.jpg,Late_blight
Late_blight/Late_blight_00096.jpg,Late_blight
Late_blight/Late_blight_00482.jpg,Late_blight
Late_blight/Late_blight_00661.jpg,Late_blight
Late_blight/Late_blight_00360.jpg,Late_blight
Late_blight/Late_blight_00152.jpg,Late_blight
Late_blight/Late_blight_01026.jpg,Late_blight
Late_blight/Late_blight_00855.jpg,Late_blight
Late_blight/Late_blight_01104.jpg,Late_blight
Late_blight/Late_blight_00698.jpg,Late_blight
Late_blight/Late_blight_00287.jpg,Late_blight
Late_blight/Late_blight_00341.jpg,Late_blight
Late_blight/Late_blight_00091.jpg,Late_blight
Late_blight/Late_blight_00217.jpg,Late_blight
Late_blight/Late_blight_00454.jpg,Late_blight
Late_blight/Late_blight_01139.jpg,Late_blight
Late_blight/Late_blight_00615.jpg,Late_blight
Late_blight/Late_blight_01163.jpg,Late_blight
Late_blight/Late_blight_00652.jpg,Late_blight
Late_blight/Late_blight_00359.jpg,Late_blight
Late_blight/Late_blight_00252.jpg,Late_blight
Late_blight/Late_blight_01158.jpg,Late_blight
Late_blight/Late_blight_00218.jpg,Late_blight
Late_blight/Late_blight_00355.jpg,Late_blight
Late_blight/Late_blight_00540.jpg,Late_blight
Late_blight/Late_blight_01072.jpg,Late_blight
Late_blight/Late_blight_01036.jpg,Late_blight
Late_blight/Late_blight_01059.jpg,Late_blight
Late_blight/Late_blight_00348.jpg,Late_blight
Late_blight/Late_blight_00033.jpg,Late_blight
Late_blight/Late_blight_00514.jpg,Late_blight
Late_blight/Late_blight_00256.jpg,Late_blight
Late_blight/Late_blight_00504.jpg,Late_blight
Late_blight/Late_blight_00324.jpg,Late_blight
Late_blight/Late_blight_00382.jpg,Late_blight
Late_blight/Late_blight_00547.jpg,Late_blight
Late_blight/Late_blight_00257.jpg,Late_blight
Late_blight/Late_blight_00541.jpg,Late_blight
Late_blight/Late_blight_00023.jpg,Late_blight
Late_blight/Late_blight_00298.jpg,Late_blight
Late_blight/Late_blight_00976.jpg,Late_blight
Late_blight/Late_blight_00965.jpg,Late_blight
Late_blight/Late_blight_01187.jpg,Late_blight
Late_blight/Late_blight_00055.jpg,Late_blight
Late_blight/Late_blight_00271.jpg,Late_blight
Late_blight/Late_blight_00813.jpg,Late_blight
Late_blight/Late_blight_00374.jpg,Late_blight
Late_blight/Late_blight_00035.jpg,Late_blight
Late_blight/Late_blight_00662.jpg,Late_blight
Late_blight/Late_blight_00729.jpg,Late_blight
Late_blight/Late_blight_00043.jpg,Late_blight
Late_blight/Late_blight_00047.jpg,Late_blight
Late_blight/Late_blight_00258.jpg,Late_blight
Late_blight/Late_blight_00517.jpg,Late_blight
Late_blight/Late_blight_00837.jpg,Late_blight
Late_blight/Late_blight_01047.jpg,Late_blight
Late_blight/Late_blight_00614.jpg,Late_blight
Late_blight/Late_blight_00853.jpg,Late_blight
Late_blight/Late_blight_00900.jpg,Late_blight
Late_blight/Late_blight_00206.jpg,Late_blight
Late_blight/Late_blight_00211.jpg,Late_blight
Late_blight/Late_blight_01056.jpg,Late_blight
Late_blight/Late_blight_00811.jpg,Late_blight
Late_blight/Late_blight_00520.jpg,Late_blight
Late_blight/Late_blight_01068.jpg,Late_blight
Late_blight/Late_blight_00056.jpg,Late_blight
Late_blight/Late_blight_00712.jpg,Late_blight
Late_blight/Late_blight_00764.jpg,Late_blight
Late_blight/Late_blight_00550.jpg,Late_blight
Late_blight/Late_blight_00644.jpg,Late_blight
Late_blight/Late_blight_00926.jpg,Late_blight
Late_blight/Late_blight_00921.jpg,Late_blight
Late_blight/Late_blight_01105.jpg,Late_blight
Late_blight/Late_blight_00586.jpg,Late_blight
Late_blight/Late_blight_00261.jpg,Late_blight
Late_blight/Late_blight_00835.jpg,Late_blight
Late_blight/Late_blight_00350.jpg,Late_blight
Late_blight/Late_blight_01162.jpg,Late_blight
Late_blight/Late_blight_01076.jpg,Late_blight
Late_blight/Late_blight_00214.jpg,Late_blight
Late_blight/Late_blight_00139.jpg,Late_blight
Late_blight/Late_blight_00318.jpg,Late_blight
Late_blight/Late_blight_00666.jpg,Late_blight
Late_blight/Late_blight_00263.jpg,Late_blight
Late_blight/Late_blight_00186.jpg,Late_blight
Late_blight/Late_blight_01080.jpg,Late_blight
Late_blight/Late_blight_00014.jpg,Late_blight
Late_blight/Late_blight_00244.jpg,Late_blight
Late_blight/Late_blight_00750.jpg,Late_blight
Late_blight/Late_blight_00573.jpg,Late_blight
Late_blight/Late_blight_00394.jpg,Late_blight
Late_blight/Late_blight_00599.jpg,Late_blight
Late_blight/Late_blight_00667.jpg,Late_blight
Late_blight/Late_blight_00354.jpg,Late_blight
Late_blight/Late_blight_00867.jpg,Late_blight
Late_blight/Late_blight_00338.jpg,Late_blight
Late_blight/Late_blight_00250.jpg,Late_blight
Late_blight/Late_blight_00602.jpg,Late_blight
Late_blight/Late_blight_00671.jpg,Late_blight
Late_blight/Late_blight_00537.jpg,Late_blight
Late_blight/Late_blight_00684.jpg,Late_blight
Late_blight/Late_blight_00717.jpg,Late_blight
Late_blight/Late_blight_00425.jpg,Late_blight
Late_blight/Late_blight_00887.jpg,Late_blight
Late_blight/Late_blight_00657.jpg,Late_blight
Late_blight/Late_blight_00296.jpg,Late_blight
Late_blight/Late_blight_00146.jpg,Late_blight
Late_blight/Late_blight_00939.jpg,Late_blight
Late_blight/Late_blight_00212.jpg,Late_blight
Late_blight/Late_blight_01133.jpg,Late_blight
Late_blight/Late_blight_00618.jpg,Late_blight
Late_blight/Late_blight_00762.jpg,Late_blight
Late_blight/Late_blight_00119.jpg,Late_blight
Late_blight/Late_blight_00299.jpg,Late_blight
Late_blight/Late_blight_00017.jpg,Late_blight
Late_blight/Late_blight_01043.jpg,Late_blight
Late_blight/Late_blight_00953.jpg,Late_blight
Late_blight/Late_blight_00851.jpg,Late_blight
Late_blight/Late_blight_01111.jpg,Late_blight
Late_blight/Late_blight_00922.jpg,Late_blight
Late_blight/Late_blight_00343.jpg,Late_blight
Late_blight/Late_blight_00591.jpg,Late_blight
Late_blight/Late_blight_00306.jpg,Late_blight
Late_blight/Late_blight_00702.jpg,Late_blight
Late_blight/Late_blight_00333.jpg,Late_blight
Late_blight/Late_blight_00820.jpg,Late_blight
Late_blight/Late_blight_00171.jpg,Late_blight
Late_blight/Late_blight_00701.jpg,Late_blight
Late_blight/Late_blight_00675.jpg,Late_blight
Late_blight/Late_blight_00622.jpg,Late_blight
Late_blight/Late_blight_00982.jpg,Late_blight
Late_blight/Late_blight_00552.jpg,Late_blight
Late_blight/Late_blight_00983.jpg,Late_blight
Late_blight/Late_blight_01177.jpg,Late_blight
Late_blight/Late_blight_00207.jpg,Late_blight
Late_blight/Late_blight_00331.jpg,Late_blight
Late_blight/Late_blight_01150.jpg,Late_blight
Late_blight/Late_blight_00833.jpg,Late_blight
Late_blight/Late_blight_00221.jpg,Late_blight
Late_blight/Late_blight_00323.jpg,Late_blight
Late_blight/Late_blight_00369.jpg,Late_blight
Late_blight/Late_blight_00188.jpg,Late_blight
Late_blight/Late_blight_00977.jpg,Late_blight
Late_blight/Late_blight_00562.jpg,Late_blight
Late_blight/Late_blight_00311.jpg,Late_blight
Late_blight/Late_blight_00556.jpg,Late_blight
Late_blight/Late_blight_00935.jpg,Late_blight
Late_blight/Late_blight_00029.jpg,Late_blight
Late_blight/Late_blight_01107.jpg,Late_blight
Late_blight/Late_blight_00185.jpg,Late_blight
Late_blight/Late_blight_00873.jpg,Late_blight
Late_blight/Late_blight_00238.jpg,Late_blight
Late_blight/Late_blight_00365.jpg,Late_blight
Late_blight/Late_blight_00432.jpg,Late_blight
Late_blight/Late_blight_00163.jpg,Late_blight
Late_blight/Late_blight_00691.jpg,Late_blight
Late_blight/Late_blight_00620.jpg,Late_blight
Late_blight/Late_blight_00157.jpg,Late_blight
Late_blight/Late_blight_00980.jpg,Late_blight
Late_blight/Late_blight_00529.jpg,Late_blight
Late_blight/Late_blight_00051.jpg,Late_blight
Late_blight/Late_blight_00913.jpg,Late_blight
Late_blight/Late_blight_01013.jpg,Late_blight
Late_blight/Late_blight_01129.jpg,Late_blight
Late_blight/Late_blight_00648.jpg,Late_blight
Late_blight/Late_blight_01054.jpg,Late_blight
Late_blight/Late_blight_00484.jpg,Late_blight
Late_blight/Late_blight_00192.jpg,Late_blight
Late_blight/Late_blight_00635.jpg,Late_blight
Late_blight/Late_blight_00634.jpg,Late_blight
Late_blight/Late_blight_01168.jpg,Late_blight
Late_blight/Late_blight_00930.jpg,Late_blight
Late_blight/Late_blight_00881.jpg,Late_blight
Late_blight/Late_blight_01174.jpg,Late_blight
Late_blight/Late_blight_01027.jpg,Late_blight
Late_blight/Late_blight_00769.jpg,Late_blight
Late_blight/Late_blight_00708.jpg,Late_blight
Late_blight/Late_blight_01167.jpg,Late_blight
Late_blight/Late_blight_00408.jpg,Late_blight
Late_blight/Late_blight_00030.jpg,Late_blight
Late_blight/Late_blight_00289.jpg,Late_blight
Late_blight/Late_blight_00544.jpg,Late_blight
Late_blight/Late_blight_00161.jpg,Late_blight
Late_blight/Late_blight_00377.jpg,Late_blight
Late_blight/Late_blight_01046.jpg,Late_blight
Late_blight/Late_blight_00251.jpg,Late_blight
Late_blight/Late_blight_00020.jpg,Late_blight
Late_blight/Late_blight_00400.jpg,Late_blight
Late_blight/Late_blight_00483.jpg,Late_blight
Late_blight/Late_blight_01042.jpg,Late_blight
Late_blight/Late_blight_00929.jpg,Late_blight
Late_blight/Late_blight_00470.jpg,Late_blight
Late_blight/Late_blight_00397.jpg,Late_blight
Late_blight/Late_blight_00747.jpg,Late_blight
Late_blight/Late_blight_00273.jpg,Late_blight
Late_blight/Late_blight_01185.jpg,Late_blight
Late_blight/Late_blight_00592.jpg,Late_blight
Late_blight/Late_blight_00404.jpg,Late_blight
Late_blight/Late_blight_00788.jpg,Late_blight
Late_blight/Late_blight_00248.jpg,Late_blight
Late_blight/Late_blight_00509.jpg,Late_blight
Late_blight/Late_blight_00317.jpg,Late_blight
Late_blight/Late_blight_00304.jpg,Late_blight
Late_blight/Late_blight_00366.jpg,Late_blight
Late_blight/Late_blight_00806.jpg,Late_blight
Late_blight/Late_blight_00083.jpg,Late_blight
Late_blight/Late_blight_00416.jpg,Late_blight
Late_blight/Late_blight_00326.jpg,Late_blight
Late_blight/Late_blight_00403.jpg,Late_blight
Late_blight/Late_blight_00572.jpg,Late_blight
Late_blight/Late_blight_00108.jpg,Late_blight
Late_blight/Late_blight_00720.jpg,Late_blight
Late_blight/Late_blight_00536.jpg,Late_blight
Late_blight/Late_blight_00433.jpg,Late_blight
Late_blight/Late_blight_00392.jpg,Late_blight
Late_blight/Late_blight_00970.jpg,Late_blight
Late_blight/Late_blight_00109.jpg,Late_blight
Late_blight/Late_blight_01035.jpg,Late_blight
Late_blight/Late_blight_00044.jpg,Late_blight
Late_blight/Late_blight_00908.jpg,Late_blight
Late_blight/Late_blight_00608.jpg,Late_blight
Late_blight/Late_blight_00475.jpg,Late_blight
Late_blight/Late_blight_00281.jpg,Late_blight
Late_blight/Late_blight_00575.jpg,Late_blight
Late_blight/Late_blight_00925.jpg,Late_blight
Late_blight/Late_blight_00114.jpg,Late_blight
Late_blight/Late_blight_00839.jpg,Late_blight
Late_blight/Late_blight_00004.jpg,Late_blight
Late_blight/Late_blight_00310.jpg,Late_blight
Late_blight/Late_blight_00721.jpg,Late_blight
Late_blight/Late_blight_00723.jpg,Late_blight
Late_blight/Late_blight_00539.jpg,Late_blight
Late_blight/Late_blight_00136.jpg,Late_blight
Late_blight/Late_blight_00924.jpg,Late_blight
Late_blight/Late_blight_01031.jpg,Late_blight
Late_blight/Late_blight_00305.jpg,Late_blight
Late_blight/Late_blight_00889.jpg,Late_blight
Late_blight/Late_blight_00330.jpg,Late_blight
Late_blight/Late_blight_00501.jpg,Late_blight
Late_blight/Late_blight_00196.jpg,Late_blight
Late_blight/Late_blight_00223.jpg,Late_blight
Late_blight/Late_blight_01182.jpg,Late_blight
Late_blight/Late_blight_00580.jpg,Late_blight
Late_blight/Late_blight_00145.jpg,Late_blight
Late_blight/Late_blight_01084.jpg,Late_blight
Late_blight/Late_blight_00810.jpg,Late_blight
Late_blight/Late_blight_00609.jpg,Late_blight
Late_blight/Late_blight_00427.jpg,Late_blight
Late_blight/Late_blight_00488.jpg,Late_blight
Late_blight/Late_blight_00460.jpg,Late_blight
Late_blight/Late_blight_00828.jpg,Late_blight
Late_blight/Late_blight_01049.jpg,Late_blight
Late_blight/Late_blight_00737.jpg,Late_blight
Late_blight/Late_blight_00052.jpg,Late_blight
Late_blight/Late_blight_00264.jpg,Late_blight
Late_blight/Late_blight_00623.jpg,Late_blight
Late_blight/Late_blight_01053.jpg,Late_blight
Late_blight/Late_blight_00912.jpg,Late_blight
Late_blight/Late_blight_00082.jpg,Late_blight
Late_blight/Late_blight_00372.jpg,Late_blight
Late_blight/Late_blight_01126.jpg,Late_blight
Late_blight/Late_blight_00826.jpg,Late_blight
Late_blight/Late_blight_01170.jpg,Late_blight
Late_blight/Late_blight_00706.jpg,Late_blight
Late_blight/Late_blight_00733.jpg,Late_blight
Late_blight/Late_blight_00954.jpg,Late_blight
Late_blight/Late_blight_01099.jpg,Late_blight
Late_blight/Late_blight_00395.jpg,Late_blight
Late_blight/Late_blight_00178.jpg,Late_blight
Late_blight/Late_blight_00345.jpg,Late_blight
Late_blight/Late_blight_00510.jpg,Late_blight
Late_blight/Late_blight_01098.jpg,Late_blight
Late_blight/Late_blight_00866.jpg,Late_blight
Late_blight/Late_blight_00340.jpg,Late_blight
Late_blight/Late_blight_00070.jpg,Late_blight
Late_blight/Late_blight_00115.jpg,Late_blight
Late_blight/Late_blight_00571.jpg,Late_blight
Late_blight/Late_blight_01083.jpg,Late_blight
Late_blight/Late_blight_00378.jpg,Late_blight
Late_blight/Late_blight_00663.jpg,Late_blight
Late_blight/Late_blight_00987.jpg,Late_blight
Late_blight/Late_blight_00481.jpg,Late_blight
Late_blight/Late_blight_00515.jpg,Late_blight
Late_blight/Late_blight_00951.jpg,Late_blight
Late_blight/Late_blight_00732.jpg,Late_blight
Late_blight/Late_blight_01146.jpg,Late_blight
Late_blight/Late_blight_00836.jpg,Late_blight
Late_blight/Late_blight_00703.jpg,Late_blight
Late_blight/Late_blight_00235.jpg,Late_blight
Late_blight/Late_blight_00781.jpg,Late_blight
Late_blight/Late_blight_00112.jpg,Late_blight
Late_blight/Late_blight_00402.jpg,Late_blight
Late_blight/Late_blight_00917.jpg,Late_blight
Late_blight/Late_blight_00984.jpg,Late_blight
Late_blight/Late_blight_00455.jpg,Late_blight
Late_blight/Late_blight_01140.jpg,Late_blight
Late_blight/Late_blight_01048.jpg,Late_blight
Late_blight/Late_blight_00587.jpg,Late_blight
Late_blight/Late_blight_00010.jpg,Late_blight
Late_blight/Late_blight_00891.jpg,Late_blight
Late_blight/Late_blight_00937.jpg,Late_blight
Late_blight/Late_blight_00086.jpg,Late_blight
Late_blight/Late_blight_00736.jpg,Late_blight
Late_blight/Late_blight_00985.jpg,Late_blight
Late_blight/Late_blight_00141.jpg,Late_blight
Late_blight/Late_blight_00561.jpg,Late_blight
Late_blight/Late_blight_00373.jpg,Late_blight
Late_blight/Late_blight_00807.jpg,Late_blight
Late_blight/Late_blight_00003.jpg,Late_blight
Late_blight/Late_blight_01094.jpg,Late_blight
Late_blight/Late_blight_00144.jpg,Late_blight
Late_blight/Late_blight_00938.jpg,Late_blight
Late_blight/Late_blight_00812.jpg,Late_blight
Late_blight/Late_blight_00849.jpg,Late_blight
Late_blight/Late_blight_00993.jpg,Late_blight
Late_blight/Late_blight_00445.jpg,Late_blight
Late_blight/Late_blight_01193.jpg,Late_blight
Late_blight/Late_blight_00097.jpg,Late_blight
Late_blight/Late_blight_00443.jpg,Late_blight
Late_blight/Late_blight_00193.jpg,Late_blight
Late_blight/Late_blight_00555.jpg,Late_blight
Late_blight/Late_blight_01144.jpg,Late_blight
Late_blight/Late_blight_00007.jpg,Late_blight
Late_blight/Late_blight_01061.jpg,Late_blight
Late_blight/Late_blight_00060.jpg,Late_blight
Late_blight/Late_blight_00681.jpg,Late_blight
Late_blight/Late_blight_01173.jpg,Late_blight
Late_blight/Late_blight_00967.jpg,Late_blight
Late_blight/Late_blight_00863.jpg,Late_blight
Late_blight/Late_blight_01022.jpg,Late_blight
Late_blight/Late_blight_00700.jpg,Late_blight
Late_blight/Late_blight_00875.jpg,Late_blight
Late_blight/Late_blight_00216.jpg,Late_blight
Late_blight/Late_blight_01101.jpg,Late_blight
Late_blight/Late_blight_00718.jpg,Late_blight
Late_blight/Late_blight_00500.jpg,Late_blight
Late_blight/Late_blight_00159.jpg,Late_blight
Late_blight/Late_blight_01189.jpg,Late_blight
Late_blight/Late_blight_00535.jpg,Late_blight
Late_blight/Late_blight_01135.jpg,Late_blight
Late_blight/Late_blight_00134.jpg,Late_blight
Late_blight/Late_blight_00776.jpg,Late_blight
Late_blight/Late_blight_01012.jpg,Late_blight
Late_blight/Late_blight_00050.jpg,Late_blight
Late_blight/Late_blight_00779.jpg,Late_blight
Late_blight/Late_blight_00025.jpg,Late_blight
Late_blight/Late_blight_00730.jpg,Late_blight
Late_blight/Late_blight_00174.jpg,Late_blight
Late_blight/Late_blight_00629.jpg,Late_blight
Late_blight/Late_blight_00726.jpg,Late_blight
Late_blight/Late_blight_00327.jpg,Late_blight
Late_blight/Late_blight_00931.jpg,Late_blight
Late_blight/Late_blight_00766.jpg,Late_blight
Late_blight/Late_blight_00123.jpg,Late_blight
Late_blight/Late_blight_00320.jpg,Late_blight
Late_blight/Late_blight_00078.jpg,Late_blight
Late_blight/Late_blight_00015.jpg,Late_blight
Late_blight/Late_blight_00352.jpg,Late_blight
Late_blight/Late_blight_00085.jpg,Late_blight
Late_blight/Late_blight_00569.jpg,Late_blight
Late_blight/Late_blight_00630.jpg,Late_blight
Late_blight/Late_blight_00719.jpg,Late_blight
Late_blight/Late_blight_01070.jpg,Late_blight
Late_blight/Late_blight_00780.jpg,Late_blight
Late_blight/Late_blight_00073.jpg,Late_blight
Late_blight/Late_blight_01149.jpg,Late_blight
Late_blight/Late_blight_00560.jpg,Late_blight
Late_blight/Late_blight_00658.jpg,Late_blight
Late_blight/Late_blight_00399.jpg,Late_blight
Late_blight/Late_blight_00521.jpg,Late_blight
Late_blight/Late_blight_00022.jpg,Late_blight
Late_blight/Late_blight_00479.jpg,Late_blight
Late_blight/Late_blight_01180.jpg,Late_blight
Late_blight/Late_blight_00959.jpg,Late_blight
Late_blight/Late_blight_00242.jpg,Late_blight
Late_blight/Late_blight_01037.jpg,Late_blight
Late_blight/Late_blight_01009.jpg,Late_blight
Late_blight/Late_blight_00511.jpg,Late_blight
Late_blight/Late_blight_00279.jpg,Late_blight
Late_blight/Late_blight_00451.jpg,Late_blight
Late_blight/Late_blight_00799.jpg,Late_blight
Late_blight/Late_blight_00037.jpg,Late_blight
Late_blight/Late_blight_00446.jpg,Late_blight
Late_blight/Late_blight_00596.jpg,Late_blight
Late_blight/Late_blight_00995.jpg,Late_blight
Late_blight/Late_blight_00057.jpg,Late_blight
Late_blight/Late_blight_00116.jpg,Late_blight
Late_blight/Late_blight_00312.jpg,Late_blight
Late_blight/Late_blight_00473.jpg,Late_blight
Late_blight/Late_blight_01145.jpg,Late_blight
Late_blight/Late_blight_01093.jpg,Late_blight
Late_blight/Late_blight_00660.jpg,Late_blight
Late_blight/Late_blight_00874.jpg,Late_blight
Late_blight/Late_blight_00524.jpg,Late_blight
Late_blight/Late_blight_00259.jpg,Late_blight
Late_blight/Late_blight_00722.jpg,Late_blight
Late_blight/Late_blight_00512.jpg,Late_blight
Late_blight/Late_blight_00231.jpg,Late_blight
Late_blight/Late_blight_00710.jpg,Late_blight
Late_blight/Late_blight_00847.jpg,Late_blight
Late_blight/Late_blight_00761.jpg,Late_blight
Late_blight/Late_blight_01055.jpg,Late_blight
Late_blight/Late_blight_00655.jpg,Late_blight
Late_blight/Late_blight_01124.jpg,Late_blight
Late_blight/Late_blight_00480.jpg,Late_blight
Late_blight/Late_blight_00551.jpg,Late_blight
Late_blight/Late_blight_00611.jpg,Late_blight
Late_blight/Late_blight_00669.jpg,Late_blight
Late_blight/Late_blight_00927.jpg,Late_blight
Late_blight/Late_blight_00739.jpg,Late_blight
Late_blight/Late_blight_00994.jpg,Late_blight
Late_blight/Late_blight_00598.jpg,Late_blight
Late_blight/Late_blight_00646.jpg,Late_blight
Late_blight/Late_blight_01069.jpg,Late_blight
Late_blight/Late_blight_01154.jpg,Late_blight
Late_blight/Late_blight_00415.jpg,Late_blight
Late_blight/Late_blight_00771.jpg,Late_blight
Late_blight/Late_blight_00557.jpg,Late_blight
Late_blight/Late_blight_00768.jpg,Late_blight
Late_blight/Late_blight_00140.jpg,Late_blight
Late_blight/Late_blight_01143.jpg,Late_blight
Late_blight/Late_blight_00308.jpg,Late_blight
Late_blight/Late_blight_00772.jpg,Late_blight
Late_blight/Late_blight_00842.jpg,Late_blight
Late_blight/Late_blight_00241.jpg,Late_blight
Late_blight/Late_blight_00625.jpg,Late_blight
Late_blight/Late_blight_00385.jpg,Late_blight
Late_blight/Late_blight_00228.jpg,Late_blight
Late_blight/Late_blight_00272.jpg,Late_blight
Late_blight/Late_blight_00918.jpg,Late_blight
Late_blight/Late_blight_00190.jpg,Late_blight
Late_blight/Late_blight_00565.jpg,Late_blight
Late_blight/Late_blight_00975.jpg,Late_blight
Late_blight/Late_blight_00364.jpg,Late_blight
Late_blight/Late_blight_00584.jpg,Late_blight
Late_blight/Late_blight_00621.jpg,Late_blight
Late_blight/Late_blight_00679.jpg,Late_blight
Late_blight/Late_blight_00590.jpg,Late_blight
Late_blight/Late_blight_01109.jpg,Late_blight
Late_blight/Late_blight_01184.jpg,Late_blight
Late_blight/Late_blight_00224.jpg,Late_blight
Late_blight/Late_blight_00969.jpg,Late_blight
Late_blight/Late_blight_00203.jpg,Late_blight
Late_blight/Late_blight_00841.jpg,Late_blight
Late_blight/Late_blight_00947.jpg,Late_blight
Late_blight/Late_blight_00346.jpg,Late_blight
Late_blight/Late_blight_00505.jpg,Late_blight
Late_blight/Late_blight_00859.jpg,Late_blight
Late_blight/Late_blight_00840.jpg,Late_blight
Late_blight/Late_blight_00048.jpg,Late_blight
Late_blight/Late_blight_01025.jpg,Late_blight
Late_blight/Late_blight_00240.jpg,Late_blight
Late_blight/Late_blight_00210.jpg,Late_blight
Late_blight/Late_blight_00233.jpg,Late_blight
Late_blight/Late_blight_01058.jpg,Late_blight
Late_blight/Late_blight_00181.jpg,Late_blight
Late_blight/Late_blight_00183.jpg,Late_blight
Late_blight/Late_blight_00979.jpg,Late_blight
Late_blight/Late_blight_00269.jpg,Late_blight
Late_blight/Late_blight_00379.jpg,Late_blight
Late_blight/Late_blight_01000.jpg,Late_blight
Late_blight/Late_blight_00978.jpg,Late_blight
Late_blight/Late_blight_00329.jpg,Late_blight
Late_blight/Late_blight_00435.jpg,Late_blight
Late_blight/Late_blight_01088.jpg,Late_blight
Late_blight/Late_blight_00335.jpg,Late_blight
Late_blight/Late_blight_00002.jpg,Late_blight
Late_blight/Late_blight_01040.jpg,Late_blight
Late_blight/Late_blight_00503.jpg,Late_blight
Late_blight/Late_blight_00405.jpg,Late_blight
Late_blight/Late_blight_00197.jpg,Late_blight
Late_blight/Late_blight_01078.jpg,Late_blight
Late_blight/Late_blight_00477.jpg,Late_blight
Late_blight/Late_blight_00286.jpg,Late_blight
Late_blight/Late_blight_00631.jpg,Late_blight
Late_blight/Late_blight_01075.jpg,Late_blight
Late_blight/Late_blight_01077.jpg,Late_blight
Late_blight/Late_blight_00583.jpg,Late_blight
Late_blight/Late_blight_00872.jpg,Late_blight
Late_blight/Late_blight_00784.jpg,Late_blight
Late_blight/Late_blight_00423.jpg,Late_blight
Late_blight/Late_blight_00798.jpg,Late_blight
Late_blight/Late_blight_00697.jpg,Late_blight
Late_blight/Late_blight_00741.jpg,Late_blight
Late_blight/Late_blight_00619.jpg,Late_blight
Late_blight/Late_blight_01128.jpg,Late_blight
Late_blight/Late_blight_00485.jpg,Late_blight
Late_blight/Late_blight_01010.jpg,Late_blight
Late_blight/Late_blight_01152.jpg,Late_blight
Late_blight/Late_blight_00795.jpg,Late_blight
Late_blight/Late_blight_00204.jpg,Late_blight
Late_blight/Late_blight_00442.jpg,Late_blight
Late_blight/Late_blight_00391.jpg,Late_blight
Late_blight/Late_blight_00024.jpg,Late_blight
Late_blight/Late_blight_00356.jpg,Late_blight
Late_blight/Late_blight_00564.jpg,Late_blight
Late_blight/Late_blight_01023.jpg,Late_blight
Late_blight/Late_blight_00370.jpg,Late_blight
Late_blight/Late_blight_01028.jpg,Late_blight
Late_blight/Late_blight_00490.jpg,Late_blight
Late_blight/Late_blight_00911.jpg,Late_blight
Late_blight/Late_blight_00902.jpg,Late_blight
Late_blight/Late_blight_00991.jpg,Late_blight
Late_blight/Late_blight_00507.jpg,Late_blight
Late_blight/Late_blight_00498.jpg,Late_blight
Late_blight/Late_blight_00787.jpg,Late_blight
Late_blight/Late_blight_00344.jpg,Late_blight
Late_blight/Late_blight_00381.jpg,Late_blight
Late_blight/Late_blight_01091.jpg,Late_blight
Late_blight/Late_blight_00184.jpg,Late_blight
Late_blight/Late_blight_00714.jpg,Late_blight
Late_blight/Late_blight_01125.jpg,Late_blight
Late_blight/Late_blight_00950.jpg,Late_blight
Late_blight/Late_blight_00413.jpg,Late_blight
Late_blight/Late_blight_00165.jpg,Late_blight
Late_blight/Late_blight_00636.jpg,Late_blight
Late_blight/Late_blight_00429.jpg,Late_blight
Late_blight/Late_blight_00113.jpg,Late_blight
Late_blight/Late_blight_00170.jpg,Late_blight
Late_blight/Late_blight_00638.jpg,Late_blight
Late_blight/Late_blight_00230.jpg,Late_blight
Late_blight/Late_blight_01147.jpg,Late_blight
Late_blight/Late_blight_00376.jpg,Late_blight
Late_blight/Late_blight_01186.jpg,Late_blight
Late_blight/Late_blight_00293.jpg,Late_blight
Late_blight/Late_blight_00687.jpg,Late_blight
Late_blight/Late_blight_00740.jpg,Late_blight
Late_blight/Late_blight_00727.jpg,Late_blight
Late_blight/Late_blight_00031.jpg,Late_blight
Late_blight/Late_blight_00934.jpg,Late_blight
Late_blight/Late_blight_00021.jpg,Late_blight
Late_blight/Late_blight_00856.jpg,Late_blight
Late_blight/Late_blight_00670.jpg,Late_blight
Late_blight/Late_blight_00180.jpg,Late_blight
Late_blight/Late_blight_00882.jpg,Late_blight
Late_blight/Late_blight_00845.jpg,Late_blight
Late_blight/Late_blight_00791.jpg,Late_blight
Late_blight/Late_blight_00151.jpg,Late_blight
Late_blight/Late_blight_01196.jpg,Late_blight
Late_blight/Late_blight_01117.jpg,Late_blight
Late_blight/Late_blight_00958.jpg,Late_blight
Late_blight/Late_blight_00546.jpg,Late_blight
Late_blight/Late_blight_00267.jpg,Late_blight
Late_blight/Late_blight_00277.jpg,Late_blight
Late_blight/Late_blight_00396.jpg,Late_blight
Late_blight/Late_blight_00019.jpg,Late_blight
Late_blight/Late_blight_00158.jpg,Late_blight
Late_blight/Late_blight_00801.jpg,Late_blight
Late_blight/Late_blight_00245.jpg,Late_blight
Late_blight/Late_blight_00770.jpg,Late_blight
Late_blight/Late_blight_00294.jpg,Late_blight
Late_blight/Late_blight_00268.jpg,Late_blight
Late_blight/Late_blight_00334.jpg,Late_blight
Late_blight/Late_blight_00362.jpg,Late_blight
Late_blight/Late_blight_00731.jpg,Late_blight
Late_blight/Late_blight_00006.jpg,Late_blight
Late_blight/Late_blight_00901.jpg,Late_blight
Late_blight/Late_blight_00463.jpg,Late_blight
Late_blight/Late_blight_01155.jpg,Late_blight
Late_blight/Late_blight_00202.jpg,Late_blight
Late_blight/Late_blight_00686.jpg,Late_blight
Late_blight/Late_blight_00469.jpg,Late_blight
Late_blight/Late_blight_00997.jpg,Late_blight
Late_blight/Late_blight_00195.jpg,Late_blight
Late_blight/Late_blight_00616.jpg,Late_blight
Late_blight/Late_blight_00275.jpg,Late_blight
Late_blight/Late_blight_00368.jpg,Late_blight
Late_blight/Late_blight_01082.jpg,Late_blight
Late_blight/Late_blight_00961.jpg,Late_blight
Late_blight/Late_blight_00612.jpg,Late_blight
Late_blight/Late_blight_00066.jpg,Late_blight
Late_blight/Late_blight_00068.jpg,Late_blight
Late_blight/Late_blight_01148.jpg,Late_blight
Late_blight/Late_blight_01008.jpg,Late_blight
Late_blight/Late_blight_00168.jpg,Late_blight
Late_blight/Late_blight_00127.jpg,Late_blight
Late_blight/Late_blight_00800.jpg,Late_blight
Late_blight/Late_blight_00905.jpg,Late_blight
Late_blight/Late_blight_00398.jpg,Late_blight
Late_blight/Late_blight_00654.jpg,Late_blight
Late_blight/Late_blight_00819.jpg,Late_blight
Late_blight/Late_blight_00532.jpg,Late_blight
Late_blight/Late_blight_00288.jpg,Late_blight
Late_blight/Late_blight_01181.jpg,Late_blight
Late_blight/Late_blight_01003.jpg,Late_blight
Late_blight/Late_blight_00974.jpg,Late_blight
Late_blight/Late_blight_00361.jpg,Late_blight
Late_blight/Late_blight_00823.jpg,Late_blight
Late_blight/Late_blight_00603.jpg,Late_blight
Late_blight/Late_blight_00604.jpg,Late_blight
Late_blight/Late_blight_01176.jpg,Late_blight
Late_blight/Late_blight_00533.jpg,Late_blight
Late_blight/Late_blight_01014.jpg,Late_blight
Late_blight/Late_blight_00069.jpg,Late_blight
Late_blight/Late_blight_00640.jpg,Late_blight
Late_blight/Late_blight_00896.jpg,Late_blight
Late_blight/Late_blight_00090.jpg,Late_blight
Late_blight/Late_blight_01179.jpg,Late_blight
Late_blight/Late_blight_00558.jpg,Late_blight
Healthy/Healthy_00258.jpg,Healthy
Healthy/Healthy_00467.jpg,Healthy
Healthy/Healthy_00655.jpg,Healthy
Healthy/Healthy_00873.jpg,Healthy
Healthy/Healthy_00583.jpg,Healthy
Healthy/Healthy_00539.jpg,Healthy
Healthy/Healthy_01000.jpg,Healthy
Healthy/Healthy_00068.jpg,Healthy
Healthy/Healthy_00472.jpg,Healthy
Healthy/Healthy_00737.jpg,Healthy
Healthy/Healthy_01199.jpg,Healthy
Healthy/Healthy_00814.jpg,Healthy
Healthy/Healthy_00883.jpg,Healthy
Healthy/Healthy_00114.jpg,Healthy
Healthy/Healthy_00452.jpg,Healthy
Healthy/Healthy_00949.jpg,Healthy
Healthy/Healthy_00477.jpg,Healthy
Healthy/Healthy_00625.jpg,Healthy
Healthy/Healthy_01064.jpg,Healthy
Healthy/Healthy_00424.jpg,Healthy
Healthy/Healthy_00730.jpg,Healthy
Healthy/Healthy_00609.jpg,Healthy
Healthy/Healthy_00408.jpg,Healthy
Healthy/Healthy_00366.jpg,Healthy
Healthy/Healthy_00804.jpg,Healthy
Healthy/Healthy_00303.jpg,Healthy
Healthy/Healthy_00006.jpg,Healthy
Healthy/Healthy_00854.jpg,Healthy
Healthy/Healthy_00527.jpg,Healthy
Healthy/Healthy_00280.jpg,Healthy
Healthy/Healthy_00914.jpg,Healthy
Healthy/Healthy_00933.jpg,Healthy
Healthy/Healthy_00140.jpg,Healthy
Healthy/Healthy_00169.jpg,Healthy
Healthy/Healthy_00479.jpg,Healthy
Healthy/Healthy_00616.jpg,Healthy
Healthy/Healthy_00725.jpg,Healthy
Healthy/Healthy_00690.jpg,Healthy
Healthy/Healthy_00611.jpg,Healthy
Healthy/Healthy_00065.jpg,Healthy
Healthy/Healthy_00952.jpg,Healthy
Healthy/Healthy_00421.jpg,Healthy
Healthy/Healthy_01181.jpg,Healthy
Healthy/Healthy_00299.jpg,Healthy
Healthy/Healthy_00291.jpg,Healthy
Healthy/Healthy_00263.jpg,Healthy
Healthy/Healthy_00464.jpg,Healthy
Healthy/Healthy_00281.jpg,Healthy
Healthy/Healthy_00757.jpg,Healthy
Healthy/Healthy_00708.jpg,Healthy
Healthy/Healthy_00666.jpg,Healthy
Healthy/Healthy_00317.jpg,Healthy
Healthy/Healthy_00143.jpg,Healthy
Healthy/Healthy_00731.jpg,Healthy
Healthy/Healthy_00614.jpg,Healthy
Healthy/Healthy_00035.jpg,Healthy
Healthy/Healthy_01020.jpg,Healthy
Healthy/Healthy_00592.jpg,Healthy
Healthy/Healthy_00292.jpg,Healthy
Healthy/Healthy_00922.jpg,Healthy
Healthy/Healthy_00261.jpg,Healthy
Healthy/Healthy_00124.jpg,Healthy
Healthy/Healthy_00567.jpg,Healthy
Healthy/Healthy_00863.jpg,Healthy
Healthy/Healthy_00764.jpg,Healthy
Healthy/Healthy_00977.jpg,Healthy
Healthy/Healthy_00599.jpg,Healthy
Healthy/Healthy_00419.jpg,Healthy
Healthy/Healthy_00835.jpg,Healthy
Healthy/Healthy_00991.jpg,Healthy
Healthy/Healthy_00677.jpg,Healthy
Healthy/Healthy_01027.jpg,Healthy
Healthy/Healthy_00936.jpg,Healthy
Healthy/Healthy_00890.jpg,Healthy
Healthy/Healthy_01009.jpg,Healthy
Healthy/Healthy_00766.jpg,Healthy
Healthy/Healthy_00158.jpg,Healthy
Healthy/Healthy_00202.jpg,Healthy
Healthy/Healthy_00228.jpg,Healthy
Healthy/Healthy_00118.jpg,Healthy
Healthy/Healthy_00734.jpg,Healthy
Healthy/Healthy_00833.jpg,Healthy
Healthy/Healthy_01025.jpg,Healthy
Healthy/Healthy_00888.jpg,Healthy
Healthy/Healthy_00216.jpg,Healthy
Healthy/Healthy_00003.jpg,Healthy
Healthy/Healthy_00409.jpg,Healthy
Healthy/Healthy_00923.jpg,Healthy
Healthy/Healthy_01040.jpg,Healthy
Healthy/Healthy_00783.jpg,Healthy
Healthy/Healthy_01022.jpg,Healthy
Healthy/Healthy_00400.jpg,Healthy
Healthy/Healthy_00023.jpg,Healthy
Healthy/Healthy_00058.jpg,Healthy
Healthy/Healthy_00487.jpg,Healthy
Healthy/Healthy_01083.jpg,Healthy
Healthy/Healthy_00030.jpg,Healthy
Healthy/Healthy_00454.jpg,Healthy
Healthy/Healthy_00998.jpg,Healthy
Healthy/Healthy_00904.jpg,Healthy
Healthy/Healthy_00257.jpg,Healthy
Healthy/Healthy_00790.jpg,Healthy
Healthy/Healthy_01097.jpg,Healthy
Healthy/Healthy_00903.jpg,Healthy
Healthy/Healthy_00440.jpg,Healthy
Healthy/Healthy_00338.jpg,Healthy
Healthy/Healthy_00403.jpg,Healthy
Healthy/Healthy_00954.jpg,Healthy
Healthy/Healthy_00891.jpg,Healthy
Healthy/Healthy_00986.jpg,Healthy
Healthy/Healthy_01087.jpg,Healthy
Healthy/Healthy_01175.jpg,Healthy
Healthy/Healthy_00720.jpg,Healthy
Healthy/Healthy_00444.jpg,Healthy
Healthy/Healthy_00134.jpg,Healthy
Healthy/Healthy_01130.jpg,Healthy
Healthy/Healthy_00075.jpg,Healthy
Healthy/Healthy_00930.jpg,Healthy
Healthy/Healthy_00112.jpg,Healthy
Healthy/Healthy_00913.jpg,Healthy
Healthy/Healthy_00867.jpg,Healthy
Healthy/Healthy_00885.jpg,Healthy
Healthy/Healthy_00756.jpg,Healthy
Healthy/Healthy_00009.jpg,Healthy
Healthy/Healthy_00339.jpg,Healthy
Healthy/Healthy_00485.jpg,Healthy
Healthy/Healthy_01099.jpg,Healthy
Healthy/Healthy_00892.jpg,Healthy
Healthy/Healthy_00765.jpg,Healthy
Healthy/Healthy_00845.jpg,Healthy
Healthy/Healthy_00351.jpg,Healthy
Healthy/Healthy_00418.jpg,Healthy
Healthy/Healthy_00866.jpg,Healthy
Healthy/Healthy_01122.jpg,Healthy
Healthy/Healthy_00787.jpg,Healthy
Healthy/Healthy_00404.jpg,Healthy
Healthy/Healthy_00456.jpg,Healthy
Healthy/Healthy_01079.jpg,Healthy
Healthy/Healthy_01045.jpg,Healthy
Healthy/Healthy_00358.jpg,Healthy
Healthy/Healthy_00775.jpg,Healthy
Healthy/Healthy_00367.jpg,Healthy
Healthy/Healthy_00437.jpg,Healthy
Healthy/Healthy_01178.jpg,Healthy
Healthy/Healthy_00642.jpg,Healthy
Healthy/Healthy_00770.jpg,Healthy
Healthy/Healthy_00390.jpg,Healthy
Healthy/Healthy_00171.jpg,Healthy
Healthy/Healthy_00480.jpg,Healthy
Healthy/Healthy_00250.jpg,Healthy
Healthy/Healthy_00582.jpg,Healthy
Healthy/Healthy_00697.jpg,Healthy
Healthy/Healthy_01139.jpg,Healthy
Healthy/Healthy_00637.jpg,Healthy
Healthy/Healthy_00644.jpg,Healthy
Healthy/Healthy_00219.jpg,Healthy
Healthy/Healthy_01124.jpg,Healthy
Healthy/Healthy_00120.jpg,Healthy
Healthy/Healthy_01144.jpg,Healthy
Healthy/Healthy_00478.jpg,Healthy
Healthy/Healthy_00269.jpg,Healthy
Healthy/Healthy_00297.jpg,Healthy
Healthy/Healthy_00921.jpg,Healthy
Healthy/Healthy_00027.jpg,Healthy
Healthy/Healthy_00029.jpg,Healthy
Healthy/Healthy_01140.jpg,Healthy
Healthy/Healthy_01001.jpg,Healthy
Healthy/Healthy_00341.jpg,Healthy
Healthy/Healthy_00363.jpg,Healthy
Healthy/Healthy_00138.jpg,Healthy
Healthy/Healthy_00236.jpg,Healthy
Healthy/Healthy_00505.jpg,Healthy
Healthy/Healthy_01086.jpg,Healthy
Healthy/Healthy_00033.jpg,Healthy
Healthy/Healthy_01044.jpg,Healthy
Healthy/Healthy_00210.jpg,Healthy
Healthy/Healthy_00817.jpg,Healthy
Healthy/Healthy_00370.jpg,Healthy
Healthy/Healthy_01060.jpg,Healthy
Healthy/Healthy_01149.jpg,Healthy
Healthy/Healthy_00789.jpg,Healthy
Healthy/Healthy_01119.jpg,Healthy
Healthy/Healthy_00851.jpg,Healthy
Healthy/Healthy_01142.jpg,Healthy
Healthy/Healthy_00684.jpg,Healthy
Healthy/Healthy_00396.jpg,Healthy
Healthy/Healthy_00162.jpg,Healthy
Healthy/Healthy_00878.jpg,Healthy
Healthy/Healthy_00703.jpg,Healthy
Healthy/Healthy_00362.jpg,Healthy
Healthy/Healthy_00748.jpg,Healthy
Healthy/Healthy_00086.jpg,Healthy
Healthy/Healthy_00069.jpg,Healthy
Healthy/Healthy_00147.jpg,Healthy
Healthy/Healthy_00415.jpg,Healthy
Healthy/Healthy_01170.jpg,Healthy
Healthy/Healthy_00125.jpg,Healthy
Healthy/Healthy_00265.jpg,Healthy
Healthy/Healthy_00715.jpg,Healthy
Healthy/Healthy_01157.jpg,Healthy
Healthy/Healthy_00959.jpg,Healthy
Healthy/Healthy_00496.jpg,Healthy
Healthy/Healthy_00234.jpg,Healthy
Healthy/Healthy_00732.jpg,Healthy
Healthy/Healthy_00155.jpg,Healthy
Healthy/Healthy_00346.jpg,Healthy
Healthy/Healthy_00018.jpg,Healthy
Healthy/Healthy_00481.jpg,Healthy
Healthy/Healthy_00166.jpg,Healthy
Healthy/Healthy_00209.jpg,Healthy
Healthy/Healthy_00188.jpg,Healthy
Healthy/Healthy_00528.jpg,Healthy
Healthy/Healthy_00879.jpg,Healthy
Healthy/Healthy_00353.jpg,Healthy
Healthy/Healthy_00648.jpg,Healthy
Healthy/Healthy_00629.jpg,Healthy
Healthy/Healthy_00935.jpg,Healthy
Healthy/Healthy_00617.jpg,Healthy
Healthy/Healthy_00507.jpg,Healthy
Healthy/Healthy_00150.jpg,Healthy
Healthy/Healthy_00988.jpg,Healthy
Healthy/Healthy_00096.jpg,Healthy
Healthy/Healthy_00565.jpg,Healthy
Healthy/Healthy_00300.jpg,Healthy
Healthy/Healthy_00620.jpg,Healthy
Healthy/Healthy_00100.jpg,Healthy
Healthy/Healthy_01185.jpg,Healthy
Healthy/Healthy_00968.jpg,Healthy
Healthy/Healthy_00238.jpg,Healthy
Healthy/Healthy_00995.jpg,Healthy
Healthy/Healthy_00570.jpg,Healthy
Healthy/Healthy_00745.jpg,Healthy
Healthy/Healthy_00881.jpg,Healthy
Healthy/Healthy_00736.jpg,Healthy
Healthy/Healthy_00178.jpg,Healthy
Healthy/Healthy_00392.jpg,Healthy
Healthy/Healthy_00574.jpg,Healthy
Healthy/Healthy_00067.jpg,Healthy
Healthy/Healthy_00422.jpg,Healthy
Healthy/Healthy_00026.jpg,Healthy
Healthy/Healthy_00060.jpg,Healthy
Healthy/Healthy_00820.jpg,Healthy
Healthy/Healthy_00248.jpg,Healthy
Healthy/Healthy_00285.jpg,Healthy
Healthy/Healthy_00615.jpg,Healthy
Healthy/Healthy_01159.jpg,Healthy
Healthy/Healthy_00256.jpg,Healthy
Healthy/Healthy_00044.jpg,Healthy
Healthy/Healthy_00647.jpg,Healthy
Healthy/Healthy_00603.jpg,Healthy
Healthy/Healthy_00594.jpg,Healthy
Healthy/Healthy_00577.jpg,Healthy
Healthy/Healthy_00001.jpg,Healthy
Healthy/Healthy_00839.jpg,Healthy
Healthy/Healthy_00803.jpg,Healthy
Healthy/Healthy_00136.jpg,Healthy
Healthy/Healthy_00934.jpg,Healthy
Healthy/Healthy_00784.jpg,Healthy
Healthy/Healthy_00758.jpg,Healthy
Healthy/Healthy_00460.jpg,Healthy
Healthy/Healthy_01010.jpg,Healthy
Healthy/Healthy_00589.jpg,Healthy
Healthy/Healthy_00761.jpg,Healthy
Healthy/Healthy_01150.jpg,Healthy
Healthy/Healthy_00117.jpg,Healthy
Healthy/Healthy_00334.jpg,Healthy
Healthy/Healthy_00532.jpg,Healthy
Healthy/Healthy_00034.jpg,Healthy
Healthy/Healthy_00964.jpg,Healthy
Healthy/Healthy_00193.jpg,Healthy
Healthy/Healthy_00639.jpg,Healthy
Healthy/Healthy_00874.jpg,Healthy
Healthy/Healthy_00131.jpg,Healthy
Healthy/Healthy_00283.jpg,Healthy
Healthy/Healthy_00329.jpg,Healthy
Healthy/Healthy_00827.jpg,Healthy
Healthy/Healthy_00554.jpg,Healthy
Healthy/Healthy_00047.jpg,Healthy
Healthy/Healthy_00679.jpg,Healthy
Healthy/Healthy_00153.jpg,Healthy
Healthy/Healthy_00861.jpg,Healthy
Healthy/Healthy_00604.jpg,Healthy
Healthy/Healthy_00224.jpg,Healthy
Healthy/Healthy_00824.jpg,Healthy
Healthy/Healthy_00908.jpg,Healthy
Healthy/Healthy_00116.jpg,Healthy
Healthy/Healthy_00355.jpg,Healthy
Healthy/Healthy_00076.jpg,Healthy
Healthy/Healthy_00123.jpg,Healthy
Healthy/Healthy_01002.jpg,Healthy
Healthy/Healthy_00459.jpg,Healthy
Healthy/Healthy_00857.jpg,Healthy
Healthy/Healthy_01013.jpg,Healthy
Healthy/Healthy_00359.jpg,Healthy
Healthy/Healthy_00898.jpg,Healthy
Healthy/Healthy_00545.jpg,Healthy
Healthy/Healthy_01172.jpg,Healthy
Healthy/Healthy_00547.jpg,Healthy
Healthy/Healthy_00092.jpg,Healthy
Healthy/Healthy_00566.jpg,Healthy
Healthy/Healthy_00161.jpg,Healthy
Healthy/Healthy_01084.jpg,Healthy
Healthy/Healthy_00870.jpg,Healthy
Healthy/Healthy_00164.jpg,Healthy
Healthy/Healthy_00982.jpg,Healthy
Healthy/Healthy_00121.jpg,Healthy
Healthy/Healthy_00084.jpg,Healthy
Healthy/Healthy_00190.jpg,Healthy
Healthy/Healthy_01164.jpg,Healthy
Healthy/Healthy_00151.jpg,Healthy
Healthy/Healthy_01200.jpg,Healthy
Healthy/Healthy_00932.jpg,Healthy
Healthy/Healthy_00573.jpg,Healthy
Healthy/Healthy_00519.jpg,Healthy
Healthy/Healthy_00385.jpg,Healthy
Healthy/Healthy_00287.jpg,Healthy
Healthy/Healthy_00563.jpg,Healthy
Healthy/Healthy_00580.jpg,Healthy
Healthy/Healthy_01173.jpg,Healthy
Healthy/Healthy_00327.jpg,Healthy
Healthy/Healthy_01171.jpg,Healthy
Healthy/Healthy_00525.jpg,Healthy
Healthy/Healthy_00185.jpg,Healthy
Healthy/Healthy_01098.jpg,Healthy
Healthy/Healthy_00097.jpg,Healthy
Healthy/Healthy_00674.jpg,Healthy
Healthy/Healthy_00451.jpg,Healthy
Healthy/Healthy_00196.jpg,Healthy
Healthy/Healthy_01074.jpg,Healthy
Healthy/Healthy_00272.jpg,Healthy
Healthy/Healthy_00636.jpg,Healthy
Healthy/Healthy_00665.jpg,Healthy
Healthy/Healthy_01161.jpg,Healthy
Healthy/Healthy_01003.jpg,Healthy
Healthy/Healthy_00152.jpg,Healthy
Healthy/Healthy_00493.jpg,Healthy
Healthy/Healthy_01018.jpg,Healthy
Healthy/Healthy_00640.jpg,Healthy
Healthy/Healthy_00635.jpg,Healthy
Healthy/Healthy_00557.jpg,Healthy
Healthy/Healthy_01037.jpg,Healthy
Healthy/Healthy_00349.jpg,Healthy
Healthy/Healthy_00132.jpg,Healthy
Healthy/Healthy_00753.jpg,Healthy
Healthy/Healthy_00649.jpg,Healthy
Healthy/Healthy_00087.jpg,Healthy
Healthy/Healthy_00128.jpg,Healthy
Healthy/Healthy_00869.jpg,Healthy
Healthy/Healthy_00122.jpg,Healthy
Healthy/Healthy_00788.jpg,Healthy
Healthy/Healthy_00798.jpg,Healthy
Healthy/Healthy_00108.jpg,Healthy
Healthy/Healthy_00769.jpg,Healthy
Healthy/Healthy_00707.jpg,Healthy
Healthy/Healthy_00799.jpg,Healthy
Healthy/Healthy_01186.jpg,Healthy
Healthy/Healthy_00643.jpg,Healthy
Healthy/Healthy_00572.jpg,Healthy
Healthy/Healthy_01017.jpg,Healthy
Healthy/Healthy_00490.jpg,Healthy
Healthy/Healthy_00523.jpg,Healthy
Healthy/Healthy_00538.jpg,Healthy
Healthy/Healthy_00843.jpg,Healthy
Healthy/Healthy_00260.jpg,Healthy
Healthy/Healthy_01051.jpg,Healthy
Healthy/Healthy_00249.jpg,Healthy
Healthy/Healthy_00533.jpg,Healthy
Healthy/Healthy_00340.jpg,Healthy
Healthy/Healthy_00520.jpg,Healthy
Healthy/Healthy_00061.jpg,Healthy
Healthy/Healthy_00656.jpg,Healthy
Healthy/Healthy_00664.jpg,Healthy
Healthy/Healthy_00010.jpg,Healthy
Healthy/Healthy_00322.jpg,Healthy
Healthy/Healthy_00253.jpg,Healthy
Healthy/Healthy_01057.jpg,Healthy
Healthy/Healthy_00743.jpg,Healthy
Healthy/Healthy_00724.jpg,Healthy
Healthy/Healthy_00828.jpg,Healthy
Healthy/Healthy_00989.jpg,Healthy
Healthy/Healthy_00738.jpg,Healthy
Healthy/Healthy_01080.jpg,Healthy
Healthy/Healthy_00862.jpg,Healthy
Healthy/Healthy_01042.jpg,Healthy
Healthy/Healthy_00186.jpg,Healthy
Healthy/Healthy_00911.jpg,Healthy
Healthy/Healthy_00971.jpg,Healthy
Healthy/Healthy_00906.jpg,Healthy
Healthy/Healthy_01058.jpg,Healthy
Healthy/Healthy_00411.jpg,Healthy
Healthy/Healthy_00095.jpg,Healthy
Healthy/Healthy_01138.jpg,Healthy
Healthy/Healthy_00059.jpg,Healthy
Healthy/Healthy_01038.jpg,Healthy
Healthy/Healthy_00751.jpg,Healthy
Healthy/Healthy_00762.jpg,Healthy
Healthy/Healthy_01196.jpg,Healthy
Healthy/Healthy_00877.jpg,Healthy
Healthy/Healthy_00274.jpg,Healthy
Healthy/Healthy_00057.jpg,Healthy
Healthy/Healthy_00028.jpg,Healthy
Healthy/Healthy_00704.jpg,Healthy
Healthy/Healthy_01169.jpg,Healthy
Healthy/Healthy_00094.jpg,Healthy
Healthy/Healthy_00345.jpg,Healthy
Healthy/Healthy_00251.jpg,Healthy
Healthy/Healthy_01174.jpg,Healthy
Healthy/Healthy_01194.jpg,Healthy
Healthy/Healthy_01093.jpg,Healthy
Healthy/Healthy_01117.jpg,Healthy
Healthy/Healthy_00752.jpg,Healthy
Healthy/Healthy_00013.jpg,Healthy
Healthy/Healthy_00654.jpg,Healthy
Healthy/Healthy_01006.jpg,Healthy
Healthy/Healthy_00356.jpg,Healthy
Healthy/Healthy_00596.jpg,Healthy
Healthy/Healthy_00796.jpg,Healthy
Healthy/Healthy_00759.jpg,Healthy
Healthy/Healthy_00259.jpg,Healthy
Healthy/Healthy_00482.jpg,Healthy
Healthy/Healthy_01039.jpg,Healthy
Healthy/Healthy_01055.jpg,Healthy
Healthy/Healthy_00887.jpg,Healthy
Healthy/Healthy_00040.jpg,Healthy
Healthy/Healthy_01162.jpg,Healthy
Healthy/Healthy_00714.jpg,Healthy
Healthy/Healthy_00083.jpg,Healthy
Healthy/Healthy_00435.jpg,Healthy
Healthy/Healthy_00698.jpg,Healthy
Healthy/Healthy_00221.jpg,Healthy
Healthy/Healthy_00017.jpg,Healthy
Healthy/Healthy_00172.jpg,Healthy
Healthy/Healthy_00584.jpg,Healthy
Healthy/Healthy_00681.jpg,Healthy
Healthy/Healthy_01049.jpg,Healthy
Healthy/Healthy_00431.jpg,Healthy
Healthy/Healthy_00912.jpg,Healthy
Healthy/Healthy_00536.jpg,Healthy
Healthy/Healthy_00825.jpg,Healthy
Healthy/Healthy_00103.jpg,Healthy
Healthy/Healthy_00550.jpg,Healthy
Healthy/Healthy_01073.jpg,Healthy
Healthy/Healthy_00126.jpg,Healthy
Healthy/Healthy_00953.jpg,Healthy
Healthy/Healthy_00627.jpg,Healthy
Healthy/Healthy_01061.jpg,Healthy
Healthy/Healthy_00526.jpg,Healthy
Healthy/Healthy_00716.jpg,Healthy
Healthy/Healthy_00601.jpg,Healthy
Healthy/Healthy_00160.jpg,Healthy
Healthy/Healthy_00014.jpg,Healthy
Healthy/Healthy_00167.jpg,Healthy
Healthy/Healthy_00586.jpg,Healthy
Healthy/Healthy_00983.jpg,Healthy
Healthy/Healthy_00055.jpg,Healthy
Healthy/Healthy_00098.jpg,Healthy
Healthy/Healthy_00760.jpg,Healthy
Healthy/Healthy_00801.jpg,Healthy
Healthy/Healthy_00537.jpg,Healthy
Healthy/Healthy_00089.jpg,Healthy
Healthy/Healthy_00937.jpg,Healthy
Healthy/Healthy_00871.jpg,Healthy
Healthy/Healthy_00530.jpg,Healthy
Healthy/Healthy_00191.jpg,Healthy
Healthy/Healthy_00710.jpg,Healthy
Healthy/Healthy_00093.jpg,Healthy
Healthy/Healthy_01030.jpg,Healthy
Healthy/Healthy_00295.jpg,Healthy
Healthy/Healthy_01004.jpg,Healthy
Healthy/Healthy_00465.jpg,Healthy
Healthy/Healthy_01113.jpg,Healthy
Healthy/Healthy_00837.jpg,Healthy
Healthy/Healthy_00406.jpg,Healthy
Healthy/Healthy_00432.jpg,Healthy
Healthy/Healthy_00387.jpg,Healthy
Healthy/Healthy_00455.jpg,Healthy
Healthy/Healthy_01012.jpg,Healthy
Healthy/Healthy_00607.jpg,Healthy
Healthy/Healthy_00159.jpg,Healthy
Healthy/Healthy_01077.jpg,Healthy
Healthy/Healthy_00767.jpg,Healthy
Healthy/Healthy_01151.jpg,Healthy
Healthy/Healthy_00587.jpg,Healthy
Healthy/Healthy_00606.jpg,Healthy
Healthy/Healthy_00680.jpg,Healthy
Healthy/Healthy_00976.jpg,Healthy
Healthy/Healthy_01091.jpg,Healthy
Healthy/Healthy_01116.jpg,Healthy
Healthy/Healthy_01107.jpg,Healthy
Healthy/Healthy_00286.jpg,Healthy
Healthy/Healthy_01125.jpg,Healthy
Healthy/Healthy_00668.jpg,Healthy
Healthy/Healthy_00750.jpg,Healthy
Healthy/Healthy_00016.jpg,Healthy
Healthy/Healthy_00534.jpg,Healthy
Healthy/Healthy_01070.jpg,Healthy
Healthy/Healthy_00916.jpg,Healthy
Healthy/Healthy_00129.jpg,Healthy
Healthy/Healthy_00177.jpg,Healthy
Healthy/Healthy_00928.jpg,Healthy
Healthy/Healthy_00632.jpg,Healthy
Healthy/Healthy_00267.jpg,Healthy
Healthy/Healthy_00319.jpg,Healthy
Healthy/Healthy_01095.jpg,Healthy
Healthy/Healthy_00558.jpg,Healthy
Healthy/Healthy_00350.jpg,Healthy
Healthy/Healthy_00618.jpg,Healthy
Healthy/Healthy_00683.jpg,Healthy
Healthy/Healthy_00056.jpg,Healthy
Healthy/Healthy_00590.jpg,Healthy
Healthy/Healthy_00661.jpg,Healthy
Healthy/Healthy_00634.jpg,Healthy
Healthy/Healthy_01035.jpg,Healthy
Healthy/Healthy_00713.jpg,Healthy
Healthy/Healthy_00085.jpg,Healthy
Healthy/Healthy_00106.jpg,Healthy
Healthy/Healthy_00919.jpg,Healthy
Healthy/Healthy_01094.jpg,Healthy
Healthy/Healthy_00729.jpg,Healthy
Healthy/Healthy_00401.jpg,Healthy
Healthy/Healthy_00744.jpg,Healthy
Healthy/Healthy_00966.jpg,Healthy
Healthy/Healthy_00225.jpg,Healthy
Healthy/Healthy_00829.jpg,Healthy
Healthy/Healthy_00924.jpg,Healthy
Healthy/Healthy_00597.jpg,Healthy
Healthy/Healthy_00860.jpg,Healthy
Healthy/Healthy_00021.jpg,Healthy
Healthy/Healthy_00275.jpg,Healthy
Healthy/Healthy_00840.jpg,Healthy
Healthy/Healthy_00461.jpg,Healthy
Healthy/Healthy_00994.jpg,Healthy
Healthy/Healthy_01152.jpg,Healthy
Healthy/Healthy_00711.jpg,Healthy
Healthy/Healthy_00382.jpg,Healthy
Healthy/Healthy_00846.jpg,Healthy
Healthy/Healthy_00980.jpg,Healthy
Healthy/Healthy_00379.jpg,Healthy
Healthy/Healthy_00110.jpg,Healthy
Healthy/Healthy_00198.jpg,Healthy
Healthy/Healthy_01024.jpg,Healthy
Healthy/Healthy_00588.jpg,Healthy
Healthy/Healthy_01068.jpg,Healthy
Healthy/Healthy_01141.jpg,Healthy
Healthy/Healthy_00378.jpg,Healthy
Healthy/Healthy_00343.jpg,Healthy
Healthy/Healthy_01023.jpg,Healthy
Healthy/Healthy_01121.jpg,Healthy
Healthy/Healthy_00311.jpg,Healthy
Healthy/Healthy_00203.jpg,Healthy
Healthy/Healthy_00838.jpg,Healthy
Healthy/Healthy_01054.jpg,Healthy
Healthy/Healthy_00876.jpg,Healthy
Healthy/Healthy_00728.jpg,Healthy
Healthy/Healthy_01147.jpg,Healthy
Healthy/Healthy_00676.jpg,Healthy
Healthy/Healthy_00336.jpg,Healthy
Healthy/Healthy_00947.jpg,Healthy
Healthy/Healthy_00302.jpg,Healthy
Healthy/Healthy_00148.jpg,Healthy
Healthy/Healthy_01191.jpg,Healthy
Healthy/Healthy_00182.jpg,Healthy
Healthy/Healthy_00619.jpg,Healthy
Healthy/Healthy_01005.jpg,Healthy
Healthy/Healthy_00805.jpg,Healthy
Healthy/Healthy_01067.jpg,Healthy
Healthy/Healthy_01120.jpg,Healthy
Healthy/Healthy_00682.jpg,Healthy
Healthy/Healthy_00500.jpg,Healthy
Healthy/Healthy_00476.jpg,Healthy
Healthy/Healthy_00540.jpg,Healthy
Healthy/Healthy_00308.jpg,Healthy
Healthy/Healthy_00078.jpg,Healthy
Healthy/Healthy_00282.jpg,Healthy
Healthy/Healthy_00099.jpg,Healthy
Healthy/Healthy_00347.jpg,Healthy
Healthy/Healthy_00747.jpg,Healthy
Healthy/Healthy_01156.jpg,Healthy
Healthy/Healthy_01062.jpg,Healthy
Healthy/Healthy_00373.jpg,Healthy
Healthy/Healthy_00650.jpg,Healthy
Healthy/Healthy_00074.jpg,Healthy
Healthy/Healthy_01108.jpg,Healthy
Healthy/Healthy_00242.jpg,Healthy
Healthy/Healthy_00942.jpg,Healthy
Healthy/Healthy_00813.jpg,Healthy
Healthy/Healthy_00858.jpg,Healthy
Healthy/Healthy_00868.jpg,Healthy
Healthy/Healthy_00806.jpg,Healthy
Healthy/Healthy_00721.jpg,Healthy
Healthy/Healthy_00700.jpg,Healthy
Healthy/Healthy_00992.jpg,Healthy
Healthy/Healthy_00230.jpg,Healthy
Healthy/Healthy_01014.jpg,Healthy
Healthy/Healthy_00377.jpg,Healthy
Healthy/Healthy_00940.jpg,Healthy
Healthy/Healthy_00503.jpg,Healthy
Healthy/Healthy_00842.jpg,Healthy
Healthy/Healthy_00288.jpg,Healthy
Healthy/Healthy_00579.jpg,Healthy
Healthy/Healthy_00383.jpg,Healthy
Healthy/Healthy_00749.jpg,Healthy
Healthy/Healthy_00423.jpg,Healthy
Healthy/Healthy_00008.jpg,Healthy
Healthy/Healthy_00262.jpg,Healthy
Healthy/Healthy_00848.jpg,Healthy
Healthy/Healthy_00564.jpg,Healthy
Healthy/Healthy_00443.jpg,Healthy
Healthy/Healthy_01146.jpg,Healthy
Healthy/Healthy_00241.jpg,Healthy
Healthy/Healthy_00174.jpg,Healthy
Healthy/Healthy_00504.jpg,Healthy
Healthy/Healthy_00081.jpg,Healthy
Healthy/Healthy_00462.jpg,Healthy
Healthy/Healthy_00090.jpg,Healthy
Healthy/Healthy_01085.jpg,Healthy
Healthy/Healthy_00079.jpg,Healthy
Healthy/Healthy_00235.jpg,Healthy
Healthy/Healthy_00442.jpg,Healthy
Healthy/Healthy_00512.jpg,Healthy
Healthy/Healthy_00165.jpg,Healthy
Healthy/Healthy_00005.jpg,Healthy
Healthy/Healthy_01033.jpg,Healthy
Healthy/Healthy_01100.jpg,Healthy
Healthy/Healthy_00975.jpg,Healthy
Healthy/Healthy_00215.jpg,Healthy
Healthy/Healthy_00886.jpg,Healthy
Healthy/Healthy_00823.jpg,Healthy
Healthy/Healthy_00042.jpg,Healthy
Healthy/Healthy_00602.jpg,Healthy
Healthy/Healthy_00077.jpg,Healthy
Healthy/Healthy_01145.jpg,Healthy
Healthy/Healthy_00979.jpg,Healthy
Healthy/Healthy_00899.jpg,Healthy
Healthy/Healthy_00651.jpg,Healthy
Healthy/Healthy_01015.jpg,Healthy
Healthy/Healthy_00772.jpg,Healthy
Healthy/Healthy_00969.jpg,Healthy
Healthy/Healthy_00376.jpg,Healthy
Healthy/Healthy_01135.jpg,Healthy
Healthy/Healthy_00701.jpg,Healthy
Healthy/Healthy_00313.jpg,Healthy
Healthy/Healthy_00244.jpg,Healthy
Healthy/Healthy_01066.jpg,Healthy
Healthy/Healthy_01088.jpg,Healthy
Healthy/Healthy_00200.jpg,Healthy
Healthy/Healthy_00223.jpg,Healthy
Healthy/Healthy_00555.jpg,Healthy
Healthy/Healthy_00113.jpg,Healthy
Healthy/Healthy_00348.jpg,Healthy
Healthy/Healthy_01180.jpg,Healthy
Healthy/Healthy_00333.jpg,Healthy
Healthy/Healthy_00070.jpg,Healthy
Healthy/Healthy_00102.jpg,Healthy
Healthy/Healthy_00786.jpg,Healthy
Healthy/Healthy_00847.jpg,Healthy
Healthy/Healthy_00290.jpg,Healthy
Healthy/Healthy_00929.jpg,Healthy
Healthy/Healthy_01166.jpg,Healthy
Healthy/Healthy_00156.jpg,Healthy
Healthy/Healthy_00326.jpg,Healthy
Healthy/Healthy_01126.jpg,Healthy
Healthy/Healthy_00939.jpg,Healthy
Healthy/Healthy_00420.jpg,Healthy
Healthy/Healthy_00217.jpg,Healthy
Healthy/Healthy_01193.jpg,Healthy
Healthy/Healthy_00675.jpg,Healthy
Healthy/Healthy_00646.jpg,Healthy
Healthy/Healthy_01168.jpg,Healthy
Healthy/Healthy_00323.jpg,Healthy
Healthy/Healthy_00426.jpg,Healthy
Healthy/Healthy_00325.jpg,Healthy
Healthy/Healthy_00015.jpg,Healthy
Healthy/Healthy_00271.jpg,Healthy
Healthy/Healthy_00585.jpg,Healthy
Healthy/Healthy_00938.jpg,Healthy
Healthy/Healthy_00552.jpg,Healthy
Healthy/Healthy_01059.jpg,Healthy
Healthy/Healthy_00844.jpg,Healthy
Healthy/Healthy_00652.jpg,Healthy
Healthy/Healthy_00810.jpg,Healthy
Healthy/Healthy_00197.jpg,Healthy
Healthy/Healthy_00990.jpg,Healthy
Healthy/Healthy_00025.jpg,Healthy
Healthy/Healthy_00875.jpg,Healthy
Healthy/Healthy_00048.jpg,Healthy
Healthy/Healthy_00663.jpg,Healthy
Healthy/Healthy_00895.jpg,Healthy
Healthy/Healthy_01081.jpg,Healthy
Healthy/Healthy_00441.jpg,Healthy
Healthy/Healthy_01046.jpg,Healthy
Healthy/Healthy_00521.jpg,Healthy
Healthy/Healthy_00510.jpg,Healthy
Healthy/Healthy_01123.jpg,Healthy
Healthy/Healthy_00672.jpg,Healthy
Healthy/Healthy_00735.jpg,Healthy
Healthy/Healthy_00243.jpg,Healthy
Healthy/Healthy_00768.jpg,Healthy
Healthy/Healthy_01056.jpg,Healthy
Healthy/Healthy_00853.jpg,Healthy
Healthy/Healthy_00909.jpg,Healthy
Healthy/Healthy_00902.jpg,Healthy
Healthy/Healthy_00049.jpg,Healthy
Healthy/Healthy_00391.jpg,Healthy
Healthy/Healthy_01050.jpg,Healthy
Healthy/Healthy_00811.jpg,Healthy
Healthy/Healthy_00686.jpg,Healthy
Healthy/Healthy_00696.jpg,Healthy
Healthy/Healthy_00039.jpg,Healthy
Healthy/Healthy_00623.jpg,Healthy
Healthy/Healthy_00314.jpg,Healthy
Healthy/Healthy_00943.jpg,Healthy
Healthy/Healthy_00944.jpg,Healthy
Healthy/Healthy_00511.jpg,Healthy
Healthy/Healthy_00999.jpg,Healthy
Healthy/Healthy_01102.jpg,Healthy
Healthy/Healthy_00357.jpg,Healthy
Healthy/Healthy_00960.jpg,Healthy
Healthy/Healthy_00553.jpg,Healthy
Healthy/Healthy_00978.jpg,Healthy
Healthy/Healthy_00693.jpg,Healthy
Healthy/Healthy_00133.jpg,Healthy
Healthy/Healthy_00038.jpg,Healthy
Healthy/Healthy_01189.jpg,Healthy
Healthy/Healthy_00022.jpg,Healthy
Healthy/Healthy_00795.jpg,Healthy
Healthy/Healthy_00237.jpg,Healthy
Healthy/Healthy_00967.jpg,Healthy
Healthy/Healthy_00051.jpg,Healthy
Healthy/Healthy_00809.jpg,Healthy
Healthy/Healthy_00342.jpg,Healthy
Healthy/Healthy_00375.jpg,Healthy
Healthy/Healthy_00509.jpg,Healthy
Healthy/Healthy_00897.jpg,Healthy
Healthy/Healthy_00910.jpg,Healthy
Healthy/Healthy_00416.jpg,Healthy
Healthy/Healthy_00183.jpg,Healthy
Healthy/Healthy_00052.jpg,Healthy
Healthy/Healthy_01101.jpg,Healthy
Healthy/Healthy_00137.jpg,Healthy
Healthy/Healthy_00631.jpg,Healthy
Healthy/Healthy_00985.jpg,Healthy
Healthy/Healthy_00173.jpg,Healthy
Healthy/Healthy_00246.jpg,Healthy
Healthy/Healthy_00524.jpg,Healthy
Healthy/Healthy_00036.jpg,Healthy
Healthy/Healthy_00111.jpg,Healthy
Healthy/Healthy_00107.jpg,Healthy
Healthy/Healthy_00331.jpg,Healthy
Healthy/Healthy_00004.jpg,Healthy
Healthy/Healthy_01177.jpg,Healthy
Healthy/Healthy_00516.jpg,Healthy
Healthy/Healthy_00595.jpg,Healthy
Healthy/Healthy_00841.jpg,Healthy
Healthy/Healthy_00515.jpg,Healthy
Healthy/Healthy_01115.jpg,Healthy
Healthy/Healthy_00641.jpg,Healthy
Healthy/Healthy_00398.jpg,Healthy
Healthy/Healthy_00763.jpg,Healthy
Healthy/Healthy_00726.jpg,Healthy
Healthy/Healthy_00226.jpg,Healthy
Healthy/Healthy_00399.jpg,Healthy
Healthy/Healthy_00578.jpg,Healthy
Healthy/Healthy_00301.jpg,Healthy
Healthy/Healthy_00474.jpg,Healthy
Healthy/Healthy_00502.jpg,Healthy
Healthy/Healthy_00352.jpg,Healthy
Healthy/Healthy_01114.jpg,Healthy
Healthy/Healthy_00294.jpg,Healthy
Healthy/Healthy_00471.jpg,Healthy
Healthy/Healthy_01007.jpg,Healthy
Healthy/Healthy_00007.jpg,Healthy
Healthy/Healthy_00427.jpg,Healthy
Healthy/Healthy_00176.jpg,Healthy
Healthy/Healthy_00812.jpg,Healthy
Healthy/Healthy_00032.jpg,Healthy
Healthy/Healthy_00551.jpg,Healthy
Healthy/Healthy_00622.jpg,Healthy
Healthy/Healthy_00613.jpg,Healthy
Healthy/Healthy_01111.jpg,Healthy
Healthy/Healthy_00254.jpg,Healthy
Healthy/Healthy_00284.jpg,Healthy
Healthy/Healthy_00227.jpg,Healthy
Healthy/Healthy_00517.jpg,Healthy
Healthy/Healthy_00956.jpg,Healthy
Healthy/Healthy_00836.jpg,Healthy
Healthy/Healthy_00893.jpg,Healthy
Healthy/Healthy_00808.jpg,Healthy
Healthy/Healthy_00458.jpg,Healthy
Healthy/Healthy_00826.jpg,Healthy
Healthy/Healthy_00073.jpg,Healthy
Healthy/Healthy_00746.jpg,Healthy
Healthy/Healthy_00043.jpg,Healthy
Healthy/Healthy_00316.jpg,Healthy
Healthy/Healthy_00497.jpg,Healthy
Healthy/Healthy_00393.jpg,Healthy
Healthy/Healthy_00425.jpg,Healthy
Healthy/Healthy_00638.jpg,Healthy
Healthy/Healthy_00925.jpg,Healthy
Healthy/Healthy_00518.jpg,Healthy
Healthy/Healthy_00691.jpg,Healthy
Healthy/Healthy_00179.jpg,Healthy
Healthy/Healthy_00816.jpg,Healthy
Healthy/Healthy_00561.jpg,Healthy
Healthy/Healthy_00448.jpg,Healthy
Healthy/Healthy_00880.jpg,Healthy
Healthy/Healthy_00965.jpg,Healthy
Healthy/Healthy_00381.jpg,Healthy
Healthy/Healthy_00466.jpg,Healthy
Healthy/Healthy_00522.jpg,Healthy
Healthy/Healthy_00915.jpg,Healthy
Healthy/Healthy_01148.jpg,Healthy
Healthy/Healthy_00310.jpg,Healthy
Healthy/Healthy_01118.jpg,Healthy
Healthy/Healthy_00779.jpg,Healthy
Healthy/Healthy_00149.jpg,Healthy
Healthy/Healthy_00491.jpg,Healthy
Healthy/Healthy_00581.jpg,Healthy
Healthy/Healthy_00389.jpg,Healthy
Healthy/Healthy_01195.jpg,Healthy
Healthy/Healthy_01131.jpg,Healthy
Healthy/Healthy_00797.jpg,Healthy
Healthy/Healthy_00598.jpg,Healthy
Healthy/Healthy_01028.jpg,Healthy
Healthy/Healthy_01029.jpg,Healthy
Healthy/Healthy_00449.jpg,Healthy
Healthy/Healthy_00781.jpg,Healthy
Healthy/Healthy_01155.jpg,Healthy
Healthy/Healthy_00473.jpg,Healthy
Healthy/Healthy_00660.jpg,Healthy
Healthy/Healthy_00019.jpg,Healthy
Healthy/Healthy_00659.jpg,Healthy
Healthy/Healthy_00144.jpg,Healthy
Healthy/Healthy_00608.jpg,Healthy
Healthy/Healthy_00961.jpg,Healthy
Healthy/Healthy_00304.jpg,Healthy
Healthy/Healthy_01047.jpg,Healthy
Healthy/Healthy_01106.jpg,Healthy
Healthy/Healthy_01110.jpg,Healthy
Healthy/Healthy_00328.jpg,Healthy
Healthy/Healthy_00064.jpg,Healthy
Healthy/Healthy_00884.jpg,Healthy
Healthy/Healthy_00688.jpg,Healthy
Healthy/Healthy_01197.jpg,Healthy
Healthy/Healthy_00430.jpg,Healthy
Healthy/Healthy_00330.jpg,Healthy
Healthy/Healthy_00045.jpg,Healthy
Healthy/Healthy_00907.jpg,Healthy
Healthy/Healthy_00104.jpg,Healthy
Healthy/Healthy_01132.jpg,Healthy
Healthy/Healthy_00054.jpg,Healthy
Healthy/Healthy_00335.jpg,Healthy
Healthy/Healthy_00360.jpg,Healthy
Healthy/Healthy_00293.jpg,Healthy
Healthy/Healthy_00184.jpg,Healthy
Healthy/Healthy_00818.jpg,Healthy
Healthy/Healthy_01143.jpg,Healthy
Healthy/Healthy_01065.jpg,Healthy
Healthy/Healthy_00109.jpg,Healthy
Healthy/Healthy_00996.jpg,Healthy
Healthy/Healthy_00612.jpg,Healthy
Healthy/Healthy_01011.jpg,Healthy
Healthy/Healthy_00115.jpg,Healthy
Healthy/Healthy_00369.jpg,Healthy
Healthy/Healthy_01167.jpg,Healthy
Healthy/Healthy_00719.jpg,Healthy
Healthy/Healthy_00436.jpg,Healthy
Healthy/Healthy_00600.jpg,Healthy
Healthy/Healthy_00365.jpg,Healthy
Healthy/Healthy_00332.jpg,Healthy
Healthy/Healthy_00706.jpg,Healthy
Healthy/Healthy_00785.jpg,Healthy
Healthy/Healthy_00830.jpg,Healthy
Healthy/Healthy_00220.jpg,Healthy
Healthy/Healthy_01090.jpg,Healthy
Healthy/Healthy_00633.jpg,Healthy
Healthy/Healthy_00896.jpg,Healthy
Healthy/Healthy_00773.jpg,Healthy
Healthy/Healthy_01043.jpg,Healthy
Healthy/Healthy_00145.jpg,Healthy
Healthy/Healthy_00307.jpg,Healthy
Healthy/Healthy_00453.jpg,Healthy
Healthy/Healthy_00855.jpg,Healthy
Healthy/Healthy_00229.jpg,Healthy
Healthy/Healthy_00900.jpg,Healthy
Healthy/Healthy_00859.jpg,Healthy
Healthy/Healthy_00739.jpg,Healthy
Healthy/Healthy_00429.jpg,Healthy
Healthy/Healthy_00576.jpg,Healthy
Healthy/Healthy_00296.jpg,Healthy
Healthy/Healthy_00195.jpg,Healthy
Healthy/Healthy_00031.jpg,Healthy
Healthy/Healthy_00621.jpg,Healthy
Healthy/Healthy_00702.jpg,Healthy
Healthy/Healthy_00154.jpg,Healthy
Healthy/Healthy_00951.jpg,Healthy
Healthy/Healthy_00927.jpg,Healthy
Healthy/Healthy_00559.jpg,Healthy
Healthy/Healthy_01063.jpg,Healthy
Healthy/Healthy_00255.jpg,Healthy
Healthy/Healthy_01021.jpg,Healthy
Healthy/Healthy_00278.jpg,Healthy
Healthy/Healthy_00849.jpg,Healthy
Healthy/Healthy_01053.jpg,Healthy
Healthy/Healthy_00127.jpg,Healthy
Healthy/Healthy_00201.jpg,Healthy
Healthy/Healthy_00529.jpg,Healthy
Healthy/Healthy_00687.jpg,Healthy
Healthy/Healthy_00163.jpg,Healthy
Healthy/Healthy_00213.jpg,Healthy
Healthy/Healthy_00626.jpg,Healthy
Healthy/Healthy_00549.jpg,Healthy
Healthy/Healthy_00957.jpg,Healthy
Healthy/Healthy_00605.jpg,Healthy
Healthy/Healthy_00894.jpg,Healthy
Healthy/Healthy_01133.jpg,Healthy
Healthy/Healthy_01158.jpg,Healthy
Healthy/Healthy_00542.jpg,Healthy
Healthy/Healthy_00268.jpg,Healthy
Healthy/Healthy_00142.jpg,Healthy
Healthy/Healthy_00146.jpg,Healthy
Healthy/Healthy_01127.jpg,Healthy
Healthy/Healthy_01184.jpg,Healthy
Healthy/Healthy_00685.jpg,Healthy
Healthy/Healthy_00774.jpg,Healthy
Healthy/Healthy_00276.jpg,Healthy
Healthy/Healthy_00740.jpg,Healthy
Healthy/Healthy_00920.jpg,Healthy
Healthy/Healthy_00002.jpg,Healthy
Healthy/Healthy_00428.jpg,Healthy
Healthy/Healthy_00905.jpg,Healthy
Healthy/Healthy_00624.jpg,Healthy
Healthy/Healthy_00386.jpg,Healthy
Healthy/Healthy_01128.jpg,Healthy
Healthy/Healthy_00733.jpg,Healthy
Healthy/Healthy_01036.jpg,Healthy
Healthy/Healthy_01109.jpg,Healthy
Healthy/Healthy_00689.jpg,Healthy
Healthy/Healthy_00247.jpg,Healthy
Healthy/Healthy_00277.jpg,Healthy
Healthy/Healthy_00918.jpg,Healthy
Healthy/Healthy_00771.jpg,Healthy
Healthy/Healthy_00231.jpg,Healthy
Healthy/Healthy_00394.jpg,Healthy
Healthy/Healthy_00320.jpg,Healthy
Healthy/Healthy_00463.jpg,Healthy
Healthy/Healthy_00712.jpg,Healthy
Healthy/Healthy_00344.jpg,Healthy
Healthy/Healthy_00864.jpg,Healthy
Healthy/Healthy_00628.jpg,Healthy
Healthy/Healthy_00072.jpg,Healthy
Healthy/Healthy_01016.jpg,Healthy
Healthy/Healthy_00168.jpg,Healthy
Healthy/Healthy_00037.jpg,Healthy
Healthy/Healthy_00457.jpg,Healthy
Healthy/Healthy_00475.jpg,Healthy
Healthy/Healthy_00802.jpg,Healthy
Healthy/Healthy_01112.jpg,Healthy
Healthy/Healthy_00950.jpg,Healthy
Healthy/Healthy_00831.jpg,Healthy
Healthy/Healthy_00699.jpg,Healthy
Healthy/Healthy_00354.jpg,Healthy
Healthy/Healthy_01019.jpg,Healthy
Healthy/Healthy_01136.jpg,Healthy
Healthy/Healthy_00199.jpg,Healthy
Healthy/Healthy_01096.jpg,Healthy
Healthy/Healthy_00822.jpg,Healthy
Healthy/Healthy_00312.jpg,Healthy
Healthy/Healthy_00794.jpg,Healthy
Healthy/Healthy_00139.jpg,Healthy
Healthy/Healthy_00298.jpg,Healthy
Healthy/Healthy_00791.jpg,Healthy
Healthy/Healthy_00405.jpg,Healthy
Healthy/Healthy_01153.jpg,Healthy
Healthy/Healthy_00222.jpg,Healthy
Healthy/Healthy_00782.jpg,Healthy
Healthy/Healthy_00727.jpg,Healthy
Healthy/Healthy_00800.jpg,Healthy
Healthy/Healthy_00776.jpg,Healthy
Healthy/Healthy_00718.jpg,Healthy
Healthy/Healthy_00170.jpg,Healthy
Healthy/Healthy_00575.jpg,Healthy
Healthy/Healthy_00315.jpg,Healthy
Healthy/Healthy_00080.jpg,Healthy
Healthy/Healthy_00412.jpg,Healthy
Healthy/Healthy_00119.jpg,Healthy
Healthy/Healthy_00673.jpg,Healthy
Healthy/Healthy_00289.jpg,Healthy
Healthy/Healthy_00852.jpg,Healthy
Healthy/Healthy_00865.jpg,Healthy
Healthy/Healthy_00233.jpg,Healthy
Healthy/Healthy_00695.jpg,Healthy
Healthy/Healthy_00270.jpg,Healthy
Healthy/Healthy_00324.jpg,Healthy
Healthy/Healthy_00484.jpg,Healthy
Healthy/Healthy_00438.jpg,Healthy
Healthy/Healthy_00434.jpg,Healthy
Healthy/Healthy_00541.jpg,Healthy
Healthy/Healthy_00974.jpg,Healthy
Healthy/Healthy_00780.jpg,Healthy
Healthy/Healthy_00962.jpg,Healthy
Healthy/Healthy_01198.jpg,Healthy
Healthy/Healthy_00105.jpg,Healthy
Healthy/Healthy_00722.jpg,Healthy
Healthy/Healthy_00754.jpg,Healthy
Healthy/Healthy_00963.jpg,Healthy
Healthy/Healthy_00494.jpg,Healthy
Healthy/Healthy_01105.jpg,Healthy
Healthy/Healthy_00372.jpg,Healthy
Healthy/Healthy_00571.jpg,Healthy
Healthy/Healthy_00667.jpg,Healthy
Healthy/Healthy_00856.jpg,Healthy
Healthy/Healthy_00514.jpg,Healthy
Healthy/Healthy_00181.jpg,Healthy
Healthy/Healthy_00445.jpg,Healthy
Healthy/Healthy_00955.jpg,Healthy
Healthy/Healthy_01034.jpg,Healthy
Healthy/Healthy_00882.jpg,Healthy
Healthy/Healthy_00205.jpg,Healthy
Healthy/Healthy_00692.jpg,Healthy
Healthy/Healthy_00981.jpg,Healthy
Healthy/Healthy_00194.jpg,Healthy
Healthy/Healthy_00535.jpg,Healthy
Healthy/Healthy_00669.jpg,Healthy
Healthy/Healthy_01076.jpg,Healthy
Healthy/Healthy_01089.jpg,Healthy
Healthy/Healthy_00208.jpg,Healthy
Healthy/Healthy_00024.jpg,Healthy
Healthy/Healthy_00591.jpg,Healthy
Healthy/Healthy_01032.jpg,Healthy
Healthy/Healthy_01129.jpg,Healthy
Healthy/Healthy_00374.jpg,Healthy
Healthy/Healthy_00610.jpg,Healthy
Healthy/Healthy_00546.jpg,Healthy
Healthy/Healthy_00135.jpg,Healthy
Healthy/Healthy_00556.jpg,Healthy
Healthy/Healthy_00012.jpg,Healthy
Healthy/Healthy_00364.jpg,Healthy
Healthy/Healthy_00214.jpg,Healthy
Healthy/Healthy_00946.jpg,Healthy
Healthy/Healthy_00486.jpg,Healthy
Healthy/Healthy_00548.jpg,Healthy
Healthy/Healthy_00705.jpg,Healthy
Healthy/Healthy_00997.jpg,Healthy
Healthy/Healthy_00832.jpg,Healthy
Healthy/Healthy_00020.jpg,Healthy
Healthy/Healthy_00544.jpg,Healthy
Healthy/Healthy_01165.jpg,Healthy
Healthy/Healthy_00821.jpg,Healthy
Healthy/Healthy_00670.jpg,Healthy
Healthy/Healthy_00211.jpg,Healthy
Healthy/Healthy_00175.jpg,Healthy
Healthy/Healthy_00091.jpg,Healthy
Healthy/Healthy_00901.jpg,Healthy
Healthy/Healthy_01078.jpg,Healthy
Healthy/Healthy_00050.jpg,Healthy
Healthy/Healthy_00187.jpg,Healthy
Healthy/Healthy_00709.jpg,Healthy
Healthy/Healthy_00071.jpg,Healthy
Healthy/Healthy_00488.jpg,Healthy
Healthy/Healthy_01031.jpg,Healthy
Healthy/Healthy_00041.jpg,Healthy
Healthy/Healthy_01026.jpg,Healthy
Healthy/Healthy_00872.jpg,Healthy
Healthy/Healthy_00279.jpg,Healthy
Healthy/Healthy_00694.jpg,Healthy
Healthy/Healthy_00506.jpg,Healthy
Healthy/Healthy_00593.jpg,Healthy
Healthy/Healthy_00232.jpg,Healthy
Healthy/Healthy_00207.jpg,Healthy
Healthy/Healthy_00508.jpg,Healthy
Healthy/Healthy_00489.jpg,Healthy
Healthy/Healthy_00266.jpg,Healthy
Healthy/Healthy_00931.jpg,Healthy
Healthy/Healthy_00926.jpg,Healthy
Healthy/Healthy_00240.jpg,Healthy
Healthy/Healthy_00062.jpg,Healthy
Healthy/Healthy_00889.jpg,Healthy
Healthy/Healthy_00653.jpg,Healthy
Healthy/Healthy_00792.jpg,Healthy
Healthy/Healthy_01182.jpg,Healthy
Healthy/Healthy_01179.jpg,Healthy
Healthy/Healthy_00948.jpg,Healthy
Healthy/Healthy_00987.jpg,Healthy
Healthy/Healthy_00945.jpg,Healthy
Healthy/Healthy_00407.jpg,Healthy
Healthy/Healthy_00568.jpg,Healthy
Healthy/Healthy_00562.jpg,Healthy
Healthy/Healthy_00397.jpg,Healthy
Healthy/Healthy_00433.jpg,Healthy
Healthy/Healthy_01160.jpg,Healthy
Healthy/Healthy_00180.jpg,Healthy
Healthy/Healthy_01183.jpg,Healthy
Healthy/Healthy_00361.jpg,Healthy
Healthy/Healthy_01008.jpg,Healthy
Healthy/Healthy_00368.jpg,Healthy
Healthy/Healthy_00206.jpg,Healthy
Healthy/Healthy_00468.jpg,Healthy
Healthy/Healthy_01071.jpg,Healthy
Healthy/Healthy_01103.jpg,Healthy
Healthy/Healthy_00252.jpg,Healthy
Healthy/Healthy_00917.jpg,Healthy
Healthy/Healthy_00212.jpg,Healthy
Healthy/Healthy_00850.jpg,Healthy
Healthy/Healthy_00046.jpg,Healthy
Healthy/Healthy_01188.jpg,Healthy
Healthy/Healthy_00560.jpg,Healthy
Healthy/Healthy_00245.jpg,Healthy
Healthy/Healthy_00531.jpg,Healthy
Healthy/Healthy_00658.jpg,Healthy
Healthy/Healthy_00662.jpg,Healthy
Healthy/Healthy_00447.jpg,Healthy
Healthy/Healthy_00495.jpg,Healthy
Healthy/Healthy_00657.jpg,Healthy
Healthy/Healthy_01052.jpg,Healthy
Healthy/Healthy_00970.jpg,Healthy
Healthy/Healthy_00439.jpg,Healthy
Healthy/Healthy_00569.jpg,Healthy
Healthy/Healthy_00218.jpg,Healthy
Healthy/Healthy_00742.jpg,Healthy
Healthy/Healthy_01134.jpg,Healthy
Healthy/Healthy_00993.jpg,Healthy
Healthy/Healthy_00717.jpg,Healthy
Healthy/Healthy_00483.jpg,Healthy
Healthy/Healthy_00082.jpg,Healthy
Healthy/Healthy_00417.jpg,Healthy
Healthy/Healthy_00984.jpg,Healthy
Healthy/Healthy_01192.jpg,Healthy
Healthy/Healthy_00973.jpg,Healthy
Healthy/Healthy_01104.jpg,Healthy
Healthy/Healthy_00066.jpg,Healthy
Healthy/Healthy_00498.jpg,Healthy
Healthy/Healthy_00192.jpg,Healthy
Healthy/Healthy_00501.jpg,Healthy
Healthy/Healthy_00446.jpg,Healthy
Healthy/Healthy_00958.jpg,Healthy
Healthy/Healthy_00414.jpg,Healthy
Healthy/Healthy_01137.jpg,Healthy
Healthy/Healthy_00755.jpg,Healthy
Healthy/Healthy_00273.jpg,Healthy
Healthy/Healthy_00499.jpg,Healthy
Healthy/Healthy_00678.jpg,Healthy
Healthy/Healthy_00141.jpg,Healthy
Healthy/Healthy_00305.jpg,Healthy
Healthy/Healthy_00723.jpg,Healthy
Healthy/Healthy_01187.jpg,Healthy
Healthy/Healthy_01075.jpg,Healthy
Healthy/Healthy_00239.jpg,Healthy
Healthy/Healthy_00834.jpg,Healthy
Healthy/Healthy_01048.jpg,Healthy
Healthy/Healthy_01072.jpg,Healthy
Healthy/Healthy_00388.jpg,Healthy
Healthy/Healthy_00778.jpg,Healthy
Healthy/Healthy_00793.jpg,Healthy
Healthy/Healthy_00741.jpg,Healthy
Healthy/Healthy_00395.jpg,Healthy
Healthy/Healthy_00337.jpg,Healthy
Healthy/Healthy_01092.jpg,Healthy
Healthy/Healthy_00264.jpg,Healthy
Healthy/Healthy_00088.jpg,Healthy
Healthy/Healthy_01190.jpg,Healthy
Healthy/Healthy_00469.jpg,Healthy
Healthy/Healthy_00053.jpg,Healthy
Healthy/Healthy_00671.jpg,Healthy
Healthy/Healthy_01163.jpg,Healthy
Healthy/Healthy_00309.jpg,Healthy
Healthy/Healthy_00543.jpg,Healthy
Healthy/Healthy_00410.jpg,Healthy
Healthy/Healthy_00815.jpg,Healthy
Healthy/Healthy_01041.jpg,Healthy
Healthy/Healthy_00011.jpg,Healthy
Healthy/Healthy_01082.jpg,Healthy
Healthy/Healthy_00630.jpg,Healthy
Healthy/Healthy_00777.jpg,Healthy
Healthy/Healthy_00819.jpg,Healthy
Healthy/Healthy_00380.jpg,Healthy
Healthy/Healthy_00470.jpg,Healthy
Healthy/Healthy_00318.jpg,Healthy
Healthy/Healthy_00063.jpg,Healthy
Healthy/Healthy_00645.jpg,Healthy
Healthy/Healthy_00492.jpg,Healthy
Healthy/Healthy_00941.jpg,Healthy
Healthy/Healthy_00384.jpg,Healthy
Healthy/Healthy_01069.jpg,Healthy
Healthy/Healthy_00450.jpg,Healthy
Healthy/Healthy_00101.jpg,Healthy
Healthy/Healthy_00413.jpg,Healthy
Healthy/Healthy_00204.jpg,Healthy
Healthy/Healthy_00972.jpg,Healthy
Healthy/Healthy_00306.jpg,Healthy
Healthy/Healthy_00402.jpg,Healthy
Healthy/Healthy_00130.jpg,Healthy
Healthy/Healthy_00321.jpg,Healthy
Healthy/Healthy_01154.jpg,Healthy
Healthy/Healthy_00157.jpg,Healthy
Healthy/Healthy_01176.jpg,Healthy
Healthy/Healthy_00371.jpg,Healthy
Healthy/Healthy_00189.jpg,Healthy
Healthy/Healthy_00807.jpg,Healthy
Healthy/Healthy_00513.jpg,Healthy
